gene_id,locus_tag
SGL_RS01880,slr0612
SGL_RS01885,slr0613
SGL_RS01890,sll0558
SGL_RS01895,sll1214
SGL_RS01900,sll1213
SGL_RS01905,sll1212
SGL_RS01910,slr1311
SGL_RS19400,SGL_RS19400
SGL_RS01915,slr1312
SGL_RS01920,sll1209
SGL_RS01925,slr1315
SGL_RS01930,slr1316
SGL_RS01935,slr1317
SGL_RS01940,slr1318
SGL_RS01945,slr1319
SGL_RS01950,sll1206
SGL_RS01955,sll1205
SGL_RS01960,sll1204
SGL_RS01965,sll1203
SGL_RS01970,sll1202
SGL_RS01975,sll1409
SGL_RS01980,sll1408
SGL_RS01985,sll1407
SGL_RS01990,sll1406
SGL_RS01995,sll1405
SGL_RS02000,sll1404
SGL_RS02005,slr1484
SGL_RS02010,slr1485
SGL_RS02015,slr1488
SGL_RS02020,slr1489
SGL_RS02025,slr1490
SGL_RS02030,slr1491
SGL_RS02035,slr1492
SGL_RS02040,slr1493
SGL_RS02045,slr1494
SGL_RS02050,sll1401
SGL_RS02055,sll1400
SGL_RS02060,ssl2733
SGL_RS02065,sll1399
SGL_RS02070,sll1398
SGL_RS02075,slr1495
SGL_RS18635,SGL_RS18635
SGL_RS02085,sll1396
SGL_RS02090,slr1498
SGL_RS02095,sll1395
SGL_RS02100,sll1394
SGL_RS02105,sll1393
SGL_RS02110,sll1392
SGL_RS02115,slr1501
SGL_RS02120,slr1113
SGL_RS02125,slr1114
SGL_RS02130,slr1115
SGL_RS02135,slr1116
SGL_RS02140,slr1117
SGL_RS02145,sll1064
SGL_RS02150,slr1118
SGL_RS02155,sll1063
SGL_RS02160,slr1119
SGL_RS02165,sll1062
SGL_RS02170,sll1061
SGL_RS02175,sll1060
SGL_RS02180,ssl2069
SGL_RS02185,ssr1853
SGL_RS02190,slr1120
SGL_RS02195,sll1059
SGL_RS02200,sll1058
SGL_RS02205,sll1057
SGL_RS02210,SGL_RS02210
SGL_RS02215,SGL_RS02215
SGL_RS02220,sll1056
SGL_RS02225,slr1122
SGL_RS02230,sll1054
SGL_RS02235,sll1053
SGL_RS02240,slr1123
SGL_RS02245,slr1124
SGL_RS02250,slr1125
SGL_RS02255,sll1052
SGL_RS02260,sll1051
SGL_RS02265,sll1049
SGL_RS02270,slr1127
SGL_RS02275,slr1128
SGL_RS02280,slr1129
SGL_RS02285,slr1130
SGL_RS02290,sll1045
SGL_RS02295,sll1043
SGL_RS02300,sll0716
SGL_RS02305,slr0721
SGL_RS02310,sll0712
SGL_RS02315,sll0711
SGL_RS02320,sll0710
SGL_RS02325,sll0709
SGL_RS18640,true
SGL_RS02330,sll0708
SGL_RS02335,slr0722
SGL_RS02340,slr0723
SGL_RS02345,slr0724
SGL_RS02350,slr0725
SGL_RS02355,slr0727
SGL_RS02360,slr0728
SGL_RS02365,slr0729
SGL_RS02370,slr0730
SGL_RS02375,slr0731
SGL_RS02380,sll0704
SGL_RS02385,slr0732
SGL_RS02390,sll0703
SGL_RS02395,sll0702
SGL_RS02400,slr1006
SGL_RS02405,slr0733
SGL_RS02410,ssl1326
SGL_RS02415,slr0734
SGL_RS18645,SGL_RS18645
SGL_RS19745,SGL_RS19745
SGL_RS02430,sll0698
SGL_RS02435,slr0737
SGL_RS02440,slr0738
SGL_RS02445,slr0739
SGL_RS02450,slr0740
SGL_RS02455,sll0696
SGL_RS02460,slr0741
SGL_RS02465,slr0742
SGL_RS02470,slr0743
SGL_RS02475,slr0743a
SGL_RS02480,slr0744
SGL_RS02485,slr0236
SGL_RS20105,SGL_RS20105
SGL_RS02490,slr0237
SGL_RS02495,slr0238
SGL_RS02500,true
SGL_RS02505,slr0239
SGL_RS02510,slr0240
SGL_RS02515,slr0241
SGL_RS02520,slr0242
SGL_RS02525,slr0243
SGL_RS02530,sll0230
SGL_RS02540,slr0244
SGL_RS18650,SGL_RS18650
SGL_RS02545,slr0245
SGL_RS02550,sll0228
SGL_RS02555,sll0227
SGL_RS02560,sll0226
SGL_RS02565,sll0225
SGL_RS02570,sll0224
SGL_RS18395,SGL_RS18395
SGL_RS02580,slr0249
SGL_RS02585,slr0250
SGL_RS02590,slr0251
SGL_RS02595,slr0252
SGL_RS02600,ssr0390
SGL_RS02605,ssl0410
SGL_RS02610,sll0223
SGL_RS02615,sll0222
SGL_RS19540,SGL_RS19540
SGL_RS18655,SGL_RS18655
SGL_RS02620,slr0254
SGL_RS02625,sll0221
SGL_RS02630,sll0220
SGL_RS02635,sll0219
SGL_RS02640,sll0218
SGL_RS02645,sll0217
SGL_RS02655,slr0257
SGL_RS02660,sll0216
SGL_RS02665,slr1411
SGL_RS02670,sll1327
SGL_RS02675,sll1326
SGL_RS02680,sll1325
SGL_RS02685,sll1324
SGL_RS02690,sll1323
SGL_RS02695,ssl2615
SGL_RS02700,sll1322
SGL_RS02705,sll1321
SGL_RS02710,slr1413
SGL_RS02715,slr1414
SGL_RS02720,slr1415
SGL_RS02725,slr1416
SGL_RS02730,slr1417
SGL_RS02735,sll1319
SGL_RS02740,sll1318
SGL_RS02745,sll1041
SGL_RS02750,sll1040
SGL_RS02755,slr1093
SGL_RS02760,ST6803t01
SGL_RS02765,slr1094
SGL_RS02770,sll1039
SGL_RS19750,SGL_RS19750
SGL_RS02775,slr1095
SGL_RS02780,slr1096
SGL_RS02785,slr1097
SGL_RS02790,slr1098
SGL_RS02795,slr1099
SGL_RS19405,SGL_RS19405
SGL_RS02800,slr1100
SGL_RS02805,slr1101
SGL_RS02810,slr1102
SGL_RS02815,slr1103
SGL_RS02820,slr1104
SGL_RS02825,slr1105
SGL_RS02830,SGL_RS02830
SGL_RS02835,sll1037
SGL_RS02840,sll1036
SGL_RS02845,ssl2009
SGL_RS02850,sll1035
SGL_RS02855,slr1106
SGL_RS02860,slr1107
SGL_RS02865,sll1033
SGL_RS02870,sll1032
SGL_RS02875,sll1031
SGL_RS02880,sll1030
SGL_RS02885,sll1028
SGL_RS02890,sll1029
SGL_RS02895,sll1027
SGL_RS02900,slr1109
SGL_RS02905,slr1110
SGL_RS02910,slr1772
SGL_RS02915,sll1686
SGL_RS19550,SGL_RS19550
SGL_RS02920,slr1773
SGL_RS02925,slr1774
SGL_RS02930,slr1776
SGL_RS02935,sll1685
SGL_RS02940,slr1777
SGL_RS02945,SGL_RS02945
SGL_RS02950,slr1778
SGL_RS02955,sll1683
SGL_RS02960,sll1682
SGL_RS02965,slr1779
SGL_RS02970,slr1780
SGL_RS02975,sll1681
SGL_RS02980,sll1680
SGL_RS02985,sll1679
SGL_RS02990,slr1783
SGL_RS02995,slr1784
SGL_RS03000,sll1678
SGL_RS03005,sll1677
SGL_RS03010,sll1676
SGL_RS03015,sll1675
SGL_RS03020,slr1787
SGL_RS03025,slr1788
SGL_RS03030,slr1789
SGL_RS03035,sll1673
SGL_RS03040,sll1672
SGL_RS03045,sll1671
SGL_RS03055,slr1790
SGL_RS03060,slr1791
SGL_RS03065,sll1670
SGL_RS03070,ST6803t02
SGL_RS03075,sll1669
SGL_RS03080,slr1793
SGL_RS19410,SGL_RS19410
SGL_RS03085,ssr2998
SGL_RS03090,slr1794
SGL_RS03095,slr1795
SGL_RS03100,ssr3000
SGL_RS03105,sll1667
SGL_RS03110,sll1666
SGL_RS03115,slr1796
SGL_RS03120,sll1665
SGL_RS03125,sll1664
SGL_RS03130,sll1663
SGL_RS03135,sll1662
SGL_RS03140,ST6803t03
SGL_RS03145,slr1798
SGL_RS19755,SGL_RS19755
SGL_RS03155,sll1660
SGL_RS03160,sll1659
SGL_RS03165,sll1658
SGL_RS03170,slr1799
SGL_RS03175,slr1800
SGL_RS03180,sll1656
SGL_RS03185,sll1655
SGL_RS03190,sll1654
SGL_RS03195,sll1653
SGL_RS19760,SGL_RS19760
SGL_RS19765,SGL_RS19765
SGL_RS03210,slr1289
SGL_RS03215,slr1290
SGL_RS03220,sll1201
SGL_RS03225,slr1291
SGL_RS03230,sll1200
SGL_RS03235,slr1293
SGL_RS03240,ssr2142
SGL_RS03245,slr1295
SGL_RS03250,sll1198
SGL_RS19555,SGL_RS19555
SGL_RS03255,sll1196
SGL_RS03260,slr1298
SGL_RS03265,sll1194
SGL_RS03270,sll1193
SGL_RS20110,SGL_RS20110
SGL_RS03275,slr1299
SGL_RS03280,slr1300
SGL_RS03285,sll1192
SGL_RS03290,sll1191
SGL_RS03295,ssr2153
SGL_RS03300,slr1301
SGL_RS03305,slr1302
SGL_RS03310,slr1303
SGL_RS03315,sll1189
SGL_RS03320,slr1305
SGL_RS03325,slr1306
SGL_RS03330,sll1188
SGL_RS03335,sll1187
SGL_RS03340,sll1186
SGL_RS03345,sll1185
SGL_RS03350,sll1184
SGL_RS03355,slr1307
SGL_RS03360,ssr1604
SGL_RS03365,slr0962
SGL_RS03370,ST6803t04
SGL_RS03375,sll0943
SGL_RS03380,slr0963
SGL_RS03385,slr0964
SGL_RS03390,slr0965
SGL_RS03395,slr0966
SGL_RS03400,slr0967
SGL_RS03405,sll0939
SGL_RS03410,sll0938
SGL_RS03415,ssl1792
SGL_RS03420,sll0936
SGL_RS03425,slr0969
SGL_RS03430,slr0971
SGL_RS03435,sll0934
SGL_RS03440,sll0933
SGL_RS03445,ssl1784
SGL_RS03450,sll0932
SGL_RS03455,sll0931
SGL_RS03460,sll0930
SGL_RS03465,sll0928
SGL_RS03470,sll0927
SGL_RS03475,sll0926
SGL_RS03480,sll0925
SGL_RS03485,slr0974
SGL_RS03490,slr0975
SGL_RS03495,sll0924
SGL_RS03500,ST6803t05
SGL_RS03505,sll0923
SGL_RS19420,SGL_RS19420
SGL_RS03515,slr0976
SGL_RS03520,slr0977
SGL_RS03525,slr0978
SGL_RS03530,slr0980
SGL_RS03535,slr0981
SGL_RS03540,slr0982
SGL_RS03545,slr0983
SGL_RS03550,slr0984
SGL_RS03555,slr0985
SGL_RS03560,slr1610
SGL_RS03565,slr1611
SGL_RS03570,slr1612
SGL_RS03575,slr1613
SGL_RS19770,SGL_RS19770
SGL_RS03580,slr1614
SGL_RS03585,slr1615
SGL_RS03590,slr1616
SGL_RS03595,slr1617
SGL_RS03600,slr1618
SGL_RS03605,slr1619
SGL_RS03610,SGL_RS03610
SGL_RS03615,slr1062
SGL_RS03620,slr1063
SGL_RS03625,slr1064
SGL_RS03630,slr1065
SGL_RS03635,slr1066
SGL_RS03640,slr1067
SGL_RS03645,slr1068
SGL_RS03650,slr1069
SGL_RS03655,slr1070
SGL_RS03660,slr1071
SGL_RS03665,slr1072
SGL_RS03670,slr1073
SGL_RS03675,slr1074
SGL_RS18670,SGL_RS18670
SGL_RS03685,slr1076
SGL_RS03690,slr1077
SGL_RS03695,ssr1765
SGL_RS03700,ssr1766
SGL_RS03705,slr1078
SGL_RS18675,SGL_RS18675
SGL_RS03715,SGL_RS03715
SGL_RS03720,ssr1768
SGL_RS03725,slr1081
SGL_RS03730,slr1082
SGL_RS03735,slr1083
SGL_RS03740,slr1084
SGL_RS03745,slr1085
SGL_RS03750,slr1087
SGL_RS03755,sll1025
SGL_RS03760,ssl1972
SGL_RS03765,sll1024
SGL_RS03770,sll1023
SGL_RS03775,sll1022
SGL_RS03780,sll1021
SGL_RS03785,sll1020
SGL_RS03790,slr1090
SGL_RS19170,SGL_RS19170
SGL_RS03800,sll1019
SGL_RS03805,sll1018
SGL_RS03810,sll1017
SGL_RS03815,slr1400
SGL_RS03820,slr0670
SGL_RS03825,sll0656
SGL_RS03830,sll0654
SGL_RS20115,SGL_RS20115
SGL_RS03840,slr0676
SGL_RS03845,slr0677
SGL_RS03850,slr0678
SGL_RS03855,slr0679
SGL_RS19775,SGL_RS19775
SGL_RS03865,slr0681
SGL_RS03870,slr0682
SGL_RS18680,SGL_RS18680
SGL_RS19780,SGL_RS19780
SGL_RS03885,sll0649
SGL_RS03890,sll0648
SGL_RS03895,sll0647
SGL_RS03900,sll0646
SGL_RS03905,sll0645
SGL_RS03910,sll0644
SGL_RS03915,slr0686
SGL_RS03920,sll0643
SGL_RS03925,slr0687
SGL_RS03930,sll0641
SGL_RS03935,sll0640
SGL_RS03940,slr0688
SGL_RS03945,ssr1155
SGL_RS03950,slr0689
SGL_RS03955,sll0639
SGL_RS03960,sll0638
SGL_RS03965,slr0692
SGL_RS03970,sll0635
SGL_RS03975,sll0634
SGL_RS03980,ST6803t06
SGL_RS03985,slr0695
SGL_RS03990,slr1590
SGL_RS03995,slr1591
SGL_RS04000,slr1592
SGL_RS04005,slr1593
SGL_RS04010,slr1594
SGL_RS04015,slr1595
SGL_RS04020,sll1516
SGL_RS04025,slr1596
SGL_RS04030,sll1515
SGL_RS04035,slr1597
SGL_RS04040,sll1514
SGL_RS04045,SGL_RS04045
SGL_RS04050,sll1513
SGL_RS04055,sll1512
SGL_RS04060,slr1598
SGL_RS04065,sll1511
SGL_RS04070,sll1510
SGL_RS04075,sll1509
SGL_RS19425,SGL_RS19425
SGL_RS04080,slr1599
SGL_RS04085,slr1600
SGL_RS04090,smr0005
SGL_RS04095,slr1601
SGL_RS04100,sll1508
SGL_RS04105,sll1507
SGL_RS04110,slr1603
SGL_RS04115,slr1604
SGL_RS04120,true
SGL_RS04125,ssl2923
SGL_RS04130,ssl2922
SGL_RS04135,SGL_RS04135
SGL_RS04140,ssl2920
SGL_RS04145,sll1505
SGL_RS04150,sll1504
SGL_RS04155,sll1503
SGL_RS04160,sll1502
SGL_RS18685,true
SGL_RS04175,slr1608
SGL_RS04180,sll1501
SGL_RS04185,sll1500
SGL_RS04190,slr1609
SGL_RS04195,slr1041
SGL_RS04200,slr1042
SGL_RS04205,slr1043
SGL_RS04210,slr1044
SGL_RS04215,slr1045
SGL_RS04220,slr1046
SGL_RS04225,slr1047
SGL_RS19430,SGL_RS19430
SGL_RS04230,slr1048
SGL_RS04235,sll1011
SGL_RS04240,ssr1736
SGL_RS04245,slr1050
SGL_RS04250,slr1051
SGL_RS04255,slr1052
SGL_RS04260,slr1053
SGL_RS04265,sll1009
SGL_RS04275,slr1055
SGL_RS04280,slr1056
SGL_RS04285,sll1006
SGL_RS04290,sll1005
SGL_RS04295,sll1004
SGL_RS04300,sll1003
SGL_RS18690,SGL_RS18690
SGL_RS18695,true
SGL_RS04310,sll1002
SGL_RS04315,sll1001
SGL_RS04320,ssl1918
SGL_RS04325,slr1753
SGL_RS04330,slr1755
SGL_RS04335,sll1647
SGL_RS04340,slr1756
SGL_RS04345,slr1759
SGL_RS04350,slr1760
SGL_RS04355,slr1761
SGL_RS04360,sll1643
SGL_RS04365,slr1762
SGL_RS04370,slr1763
SGL_RS04375,sll1642
SGL_RS04380,slr1764
SGL_RS04385,sll1641
SGL_RS04390,ssr2962
SGL_RS04395,slr1767
SGL_RS04400,sll1640
SGL_RS04405,sll1639
SGL_RS04410,sll1638
SGL_RS04415,slr1768
SGL_RS04420,sll1636
SGL_RS04425,slr1770
SGL_RS04430,slr1771
SGL_RS04435,sll1635
SGL_RS04440,sml0005
SGL_RS04445,sll1752
SGL_RS04450,ssr3122
SGL_RS04455,slr1846
SGL_RS04460,slr1847
SGL_RS04465,slr1848
SGL_RS04470,slr1849
SGL_RS04475,sll1751
SGL_RS04480,sll1750
SGL_RS04485,sll1749
SGL_RS04490,sll1749a
SGL_RS04495,slr1851
SGL_RS04500,ssr3129
SGL_RS04505,sll1946
SGL_RS04510,slr2032
SGL_RS04515,sll1945
SGL_RS04520,slr2033
SGL_RS04525,slr2034
SGL_RS04530,ssr3451
SGL_RS04535,smr0006
SGL_RS04540,smr0007
SGL_RS04545,smr0008
SGL_RS04550,slr2035
SGL_RS19785,true
SGL_RS04560,slr2036
SGL_RS04565,slr2037
SGL_RS04570,slr2038
SGL_RS04575,sll1942
SGL_RS04580,sll1941
SGL_RS04585,slr2041
SGL_RS04590,slr2042
SGL_RS04595,sll1940
SGL_RS04600,sll1939
SGL_RS04605,ssr3465
SGL_RS04610,sll1938
SGL_RS04615,sll1937
SGL_RS04620,slr2043
SGL_RS04625,slr2044
SGL_RS04630,slr2045
SGL_RS04635,ssr3467
SGL_RS04640,slr2046
SGL_RS04645,slr2047
SGL_RS04650,slr2048
SGL_RS04655,slr2049
SGL_RS04660,slr2051
SGL_RS04665,slr2052
SGL_RS04670,sll1934
SGL_RS04675,slr2053
SGL_RS04680,sll1933
SGL_RS04685,sll1932
SGL_RS04690,sll1931
SGL_RS04695,true
SGL_RS20210,SGL_RS20210
SGL_RS20215,SGL_RS20215
SGL_RS04705,sll1929
SGL_RS18705,true
SGL_RS04710,slr1906
SGL_RS04715,slr1907
SGL_RS04720,slr1908
SGL_RS19335,SGL_RS19335
SGL_RS04725,slr1909
SGL_RS04730,slr1910
SGL_RS04735,slr1911
SGL_RS04740,sll1837
SGL_RS04745,slr1912
SGL_RS04750,slr1913
SGL_RS04755,slr1914
SGL_RS04760,sll1835
SGL_RS04765,sll1834
SGL_RS04770,slr1915
SGL_RS04775,slr1916
SGL_RS04780,slr1917
SGL_RS04785,slr1918
SGL_RS04790,sll1833
SGL_RS04795,sll1832
SGL_RS04800,sll1831
SGL_RS04805,sll1830
SGL_RS04810,slr1919
SGL_RS04815,slr1920
SGL_RS04820,sll0998
SGL_RS04825,ssl1911
SGL_RS04830,slr1019
SGL_RS04835,ST6803t07
SGL_RS04840,sll0997
SGL_RS04845,sll0996
SGL_RS04850,slr1020
SGL_RS04855,ssr1698
SGL_RS04860,sll0995
SGL_RS04865,sll0994
SGL_RS04870,sll0993
SGL_RS04875,slr1022
SGL_RS04880,slr1023
SGL_RS04885,slr1024
SGL_RS04890,slr1025
SGL_RS04895,sll0992
SGL_RS04900,sll0990
SGL_RS04905,ST6803t08
SGL_RS19435,SGL_RS19435
SGL_RS04910,slr1028
SGL_RS04915,slr1030
SGL_RS04920,slr1031
SGL_RS04925,slr1032
SGL_RS04930,slr1033
SGL_RS04935,true
SGL_RS04940,slr1034
SGL_RS04945,slr1035
SGL_RS04950,true
SGL_RS04955,sll0985
SGL_RS04960,sll0984
SGL_RS04965,slr1037
SGL_RS04970,sll0983
SGL_RS04975,sll0982
SGL_RS04980,sll0981
SGL_RS04985,sll0980
SGL_RS04990,slr1039
SGL_RS04995,slr1376
SGL_RS05000,slr1377
SGL_RS05005,slr1378
SGL_RS05010,slr1379
SGL_RS05015,slr1380
SGL_RS05020,sll1300
SGL_RS05025,sll1299
SGL_RS05030,sll1298
SGL_RS05035,ssr2315
SGL_RS05040,slr1383
SGL_RS05050,slr1384
SGL_RS05055,slr1385
SGL_RS05060,ssr2318
SGL_RS05065,sll1297
SGL_RS05070,ssl2559
SGL_RS05075,sll1296
SGL_RS05080,sll1294
SGL_RS05085,sll1293
SGL_RS05090,sll1292
SGL_RS05095,sll1291
SGL_RS05100,sll1290
SGL_RS05105,sll1289
SGL_RS05110,slr1390
SGL_RS05115,slr1391
SGL_RS05120,ssr2333
SGL_RS05125,slr1392
SGL_RS05130,ssl2542
SGL_RS05135,slr1393
SGL_RS05140,slr1394
SGL_RS05145,SGL_RS05145
SGL_RS05150,sll1286
SGL_RS05155,slr1395
SGL_RS05160,slr1396
SGL_RS05165,slr1397
SGL_RS05170,slr1398
SGL_RS05175,sll1285
SGL_RS05180,sll1284
SGL_RS05185,sll1283
SGL_RS05190,slr1699
SGL_RS05195,sll1584
SGL_RS05200,sll1583
SGL_RS05205,sll1582
SGL_RS05210,sll1581
SGL_RS05215,ssr2843
SGL_RS05220,slr1702
SGL_RS05225,slr1703
SGL_RS05230,ssl3093
SGL_RS05235,sll1580
SGL_RS05240,sll1579
SGL_RS05245,sll1578
SGL_RS05250,sll1577
SGL_RS05255,ssr2848
SGL_RS05260,slr1704
SGL_RS05265,SGL_RS05265
SGL_RS05270,true
SGL_RS05280,sll1573
SGL_RS05285,slr1705
SGL_RS05290,slr1706
SGL_RS05295,ssr2857
SGL_RS05300,slr1708
SGL_RS05305,sll1572
SGL_RS05310,sll1571
SGL_RS05315,sll1570
SGL_RS05320,slr1710
SGL_RS05325,sll1568
SGL_RS05330,sll1927
SGL_RS05335,SGL_RS05335
SGL_RS05340,slr2005
SGL_RS05345,sll1925
SGL_RS05350,slr2006
SGL_RS05355,slr2007
SGL_RS05360,slr2008
SGL_RS05365,slr2009
SGL_RS05370,slr2010
SGL_RS05375,ssr3409
SGL_RS05380,ssr3410
SGL_RS05385,slr2011
SGL_RS05390,slr2012
SGL_RS05395,slr2013
SGL_RS05400,sll1924
SGL_RS05405,slr2015
SGL_RS05410,slr2016
SGL_RS05415,slr2017
SGL_RS05420,slr2018
SGL_RS05425,slr2019
SGL_RS05430,sll1921
SGL_RS05435,sll1920
SGL_RS05440,slr2023
SGL_RS05445,slr2024
SGL_RS05450,slr2025
SGL_RS05455,sll1917
SGL_RS05460,sll1916
SGL_RS05465,sll1915
SGL_RS05470,slr2026
SGL_RS05475,slr2027
SGL_RS05480,sll1913
SGL_RS05485,sll1912
SGL_RS05490,ssl3615
SGL_RS05495,sll1911
SGL_RS05500,sll1910
SGL_RS05505,slr2030
SGL_RS05510,slr2031
SGL_RS05515,SGL_RS05515
SGL_RS05520,slr1133
SGL_RS05525,slr1134
SGL_RS05530,slr1135
SGL_RS05535,sll1084
SGL_RS05540,slr1136
SGL_RS05545,slr1137
SGL_RS05550,slr1138
SGL_RS05555,slr1139
SGL_RS05560,slr1140
SGL_RS05565,sll1082
SGL_RS05570,sll1081
SGL_RS05575,sll1080
SGL_RS05580,sll1079
SGL_RS05585,sll1078
SGL_RS05590,sll1077
SGL_RS05595,slr1142
SGL_RS05600,slr1143
SGL_RS05605,sll1076
SGL_RS05610,SGL_RS05610
SGL_RS05615,sll1074
SGL_RS05620,slr1145
SGL_RS18710,SGL_RS18710
SGL_RS05630,slr1147
SGL_RS05635,slr1148
SGL_RS05640,slr1149
SGL_RS05645,slr1150
SGL_RS05650,sll1072
SGL_RS05655,sll1071
SGL_RS05660,sll1070
SGL_RS05665,sll1069
SGL_RS05670,ssl2084
SGL_RS05675,sll1068
SGL_RS05680,ssl3451
SGL_RS05685,slr1890
SGL_RS05690,sll1825
SGL_RS05695,SGL_RS05695
SGL_RS05700,sll1823
SGL_RS05705,ssl3446
SGL_RS05710,ssl3445
SGL_RS05715,sll1822
SGL_RS05720,sll1821
SGL_RS05725,sll1820
SGL_RS05730,sll1819
SGL_RS05735,sll1818
SGL_RS05740,sll1817
SGL_RS05745,sll1816
SGL_RS18715,SGL_RS18715
SGL_RS05750,ssl3441
SGL_RS05755,sll1815
SGL_RS05760,sll1814
SGL_RS05765,sll1813
SGL_RS05770,sll1812
SGL_RS05775,sll1811
SGL_RS05780,sll1810
SGL_RS05785,sll1809
SGL_RS05790,sll1808
SGL_RS05795,sll1807
SGL_RS05800,sll1806
SGL_RS05805,ssl3437
SGL_RS05810,ssl3436
SGL_RS05815,sll1805
SGL_RS05820,sll1804
SGL_RS05825,sll1803
SGL_RS05830,ssl3432
SGL_RS05835,sll1802
SGL_RS05840,sll1801
SGL_RS05845,sll1800
SGL_RS05850,sll1799
SGL_RS05855,slr1894
SGL_RS05860,sll1797
SGL_RS05865,slr1895
SGL_RS05870,slr1896
SGL_RS05875,sll1796
SGL_RS05880,slr1897
SGL_RS05885,slr1898
SGL_RS05890,slr1899
SGL_RS05895,slr1900
SGL_RS05900,slr1901
SGL_RS18720,SGL_RS18720
SGL_RS18725,SGL_RS18725
SGL_RS05925,sll1789
SGL_RS05930,sll1787
SGL_RS05935,sll1786
SGL_RS05940,ssl2233
SGL_RS05945,sll1124
SGL_RS05950,sll1123
SGL_RS05955,sll1121
SGL_RS05960,sll1120
SGL_RS05965,sll1119
SGL_RS05970,slr1194
SGL_RS05975,slr1195
SGL_RS05980,slr1196
SGL_RS05985,slr1197
SGL_RS05990,sll1118
SGL_RS05995,ssr2009
SGL_RS06000,slr1198
SGL_RS06005,slr1199
SGL_RS06010,slr1200
SGL_RS06015,slr1201
SGL_RS06020,slr1202
SGL_RS06025,slr1203
SGL_RS06030,slr1204
SGL_RS06035,slr1205
SGL_RS06040,slr1206
SGL_RS06045,slr1207
SGL_RS06050,ssr2016
SGL_RS06055,slr1208
SGL_RS06060,slr1209
SGL_RS06065,slr1210
SGL_RS06070,slr1211
SGL_RS06075,slr1212
SGL_RS06080,slr1213
SGL_RS06085,slr1214
SGL_RS06090,slr1215
SGL_RS06095,sll1112
SGL_RS19560,SGL_RS19560
SGL_RS06105,slr1216
SGL_RS06110,sll1971
SGL_RS06115,slr2070
SGL_RS06120,slr2071
SGL_RS06125,sll1969
SGL_RS06130,sll1968
SGL_RS06135,sll1967
SGL_RS06140,slr2072
SGL_RS06145,slr2073
SGL_RS06150,slr2074
SGL_RS06155,SGL_RS06155
SGL_RS06160,sll1965
SGL_RS06165,slr2075
SGL_RS06170,slr2076
SGL_RS06175,slr2077
SGL_RS06180,slr2078
SGL_RS19800,SGL_RS19800
SGL_RS06190,sll1747
SGL_RS06195,sll1746
SGL_RS06200,sll1745
SGL_RS06205,sll1744
SGL_RS06210,sll1743
SGL_RS06215,sll1742
SGL_RS06220,ssl3335
SGL_RS06225,ST6803t09
SGL_RS06230,sll1740
SGL_RS06235,slr1826
SGL_RS06240,slr1827
SGL_RS06245,sll1739
SGL_RS06250,sll1738
SGL_RS06255,sll1737
SGL_RS20120,SGL_RS20120
SGL_RS06260,slr1828
SGL_RS06265,slr1829
SGL_RS06270,slr1830
SGL_RS06275,sll1736
SGL_RS06280,sll1735
SGL_RS06285,sll1734
SGL_RS06290,sll1733
SGL_RS06295,sll1732
SGL_RS06300,sll1730
SGL_RS06305,slr1834
SGL_RS06310,slr1835
SGL_RS06315,sll1726
SGL_RS06320,sll1725
SGL_RS06325,sll1724
SGL_RS06330,sll1723
SGL_RS06335,sll1722
SGL_RS06340,slr1837
SGL_RS06345,sll1721
SGL_RS06350,slr1838
SGL_RS06355,slr1839
SGL_RS06360,slr1840
SGL_RS06365,slr1841
SGL_RS06370,slr1842
SGL_RS06375,slr1843
SGL_RS06380,slr1844
SGL_RS06385,sll1717
SGL_RS06390,sll1716
SGL_RS06395,sll1715
SGL_RS19655,SGL_RS19655
SGL_RS19565,SGL_RS19565
SGL_RS06405,sll1713
SGL_RS06410,sll1712
SGL_RS06415,sll1469
SGL_RS06420,slr1535
SGL_RS06425,slr1536
SGL_RS06430,slr1537
SGL_RS06435,slr1538
SGL_RS06440,slr1540
SGL_RS06445,slr1541
SGL_RS06450,slr1542
SGL_RS06455,slr1543
SGL_RS06460,sll1468
SGL_RS06465,SGL_RS06465
SGL_RS06470,ssr2595
SGL_RS06475,slr1544
SGL_RS06480,slr1545
SGL_RS06485,slr1546
SGL_RS06490,slr1547
SGL_RS06495,ST6803t10
SGL_RS06500,sll1466
SGL_RS06505,ssl2823
SGL_RS06510,sll1464
SGL_RS06515,sll1463
SGL_RS06520,sll1462
SGL_RS06525,sll1461
SGL_RS06530,sll1459
SGL_RS06535,slr1549
SGL_RS06540,ssr2611
SGL_RS06545,slr1550
SGL_RS06550,sll1457
SGL_RS06555,sll1456
SGL_RS06560,slr1552
SGL_RS06565,sll1455
SGL_RS06570,true
SGL_RS06575,sll1454
SGL_RS19195,SGL_RS19195
SGL_RS06580,true
SGL_RS06585,sll1452
SGL_RS06590,sll1451
SGL_RS06595,sll1450
SGL_RS06600,sll1634
SGL_RS06605,slr1748
SGL_RS06610,ssl3177
SGL_RS06615,sll1633
SGL_RS06620,sll1632
SGL_RS06625,slr1751
SGL_RS06630,slr1752
SGL_RS06635,sll1144
SGL_RS06640,slr1218
SGL_RS06645,slr1219
SGL_RS06650,slr1220
SGL_RS19805,SGL_RS19805
SGL_RS06660,sll1143
SGL_RS06665,sll1142
SGL_RS06670,slr1223
SGL_RS06675,slr1224
SGL_RS06680,slr1225
SGL_RS06685,sll1138
SGL_RS06690,slr1226
SGL_RS06695,slr1227
SGL_RS06700,slr1228
SGL_RS06705,slr1229
SGL_RS06710,slr1230
SGL_RS06715,sll1135
SGL_RS06720,slr1232
SGL_RS06725,ssr2047
SGL_RS06730,slr1233
SGL_RS06735,ssr2049
SGL_RS06740,slr1234
SGL_RS06745,slr1235
SGL_RS06750,slr1236
SGL_RS06755,ssl2250
SGL_RS06760,sll1132
SGL_RS06765,sll1131
SGL_RS06770,slr1237
SGL_RS06775,sll1130
SGL_RS06780,ssl2245
SGL_RS06785,sll1129
SGL_RS06790,ssr2060
SGL_RS06795,ssr2061
SGL_RS06800,slr1238
SGL_RS06805,ssr2062
SGL_RS06810,sll1127
SGL_RS06815,slr1239
SGL_RS06820,slr1240
SGL_RS06825,slr1241
SGL_RS06830,SGL_RS06830
SGL_RS06835,ssr2067
SGL_RS06840,slr1434
SGL_RS06845,slr1435
SGL_RS06850,slr1436
SGL_RS06855,slr1437
SGL_RS06860,slr1438
SGL_RS06865,sll1362
SGL_RS06870,ssr2406
SGL_RS06875,sll1360
SGL_RS06880,slr1440
SGL_RS06885,sll1359
SGL_RS06890,sll1358
SGL_RS06895,sll1356
SGL_RS20125,SGL_RS20125
SGL_RS06900,slr1441
SGL_RS06905,sll1355
SGL_RS06910,SGL_RS06910
SGL_RS06915,slr1442
SGL_RS06920,slr1443
SGL_RS06925,slr1444
SGL_RS06930,ssr2422
SGL_RS06935,ST6803t11
SGL_RS06940,sll1354
SGL_RS06945,sll1353
SGL_RS06950,sll1352
SGL_RS06955,slr1448
SGL_RS06960,slr1449
SGL_RS06965,slr1450
SGL_RS06970,sll1350
SGL_RS06975,sll1349
SGL_RS06980,sll1348
SGL_RS06985,sll1282
SGL_RS06990,SGL_RS06990
SGL_RS06995,ST6803t12
SGL_RS18755,SGL_RS18755
SGL_RS20130,SGL_RS20130
SGL_RS07010,slr1356
SGL_RS18760,SGL_RS18760
SGL_RS07025,sll1277
SGL_RS07030,sll1276
SGL_RS07035,sll1275
SGL_RS07040,slr1362
SGL_RS07045,sll1274
SGL_RS07050,slr1363
SGL_RS07055,slr1364
SGL_RS07060,slr1365
SGL_RS07065,slr1366
SGL_RS07070,sll1273
SGL_RS07075,sll1272
SGL_RS07080,SGL_RS07080
SGL_RS07085,sll1271
SGL_RS07090,sll1270
SGL_RS07095,ssl2501
SGL_RS07100,slr1367
SGL_RS07105,slr1368
SGL_RS07110,slr1369
SGL_RS07115,sll1268
SGL_RS07120,sll1267
SGL_RS07125,sll1265
SGL_RS07130,sll0877
SGL_RS07135,slr0875
SGL_RS07140,sll0876
SGL_RS07145,sll0875
SGL_RS07150,slr0876
SGL_RS07155,ssr1480
SGL_RS07160,slr0877
SGL_RS07165,slr0878
SGL_RS07170,slr0879
SGL_RS07175,slr0880
SGL_RS07180,sll0873
SGL_RS18765,SGL_RS18765
SGL_RS07185,slr0881
SGL_RS19815,SGL_RS19815
SGL_RS19820,SGL_RS19820
SGL_RS07195,slr0882
SGL_RS19440,SGL_RS19440
SGL_RS07200,slr0883
SGL_RS07205,sll0871
SGL_RS07210,SGL_RS07210
SGL_RS07215,slr0884
SGL_RS07225,slr0885
SGL_RS07230,sll0869
SGL_RS07235,sll0868
SGL_RS07240,sll0867
SGL_RS07245,slr0886
SGL_RS07250,slr0887
SGL_RS07260,slr0888
SGL_RS07265,slr0889
SGL_RS07270,ssr1499
SGL_RS07275,slr0890
SGL_RS07280,sll0865
SGL_RS07285,slr0891
SGL_RS07290,sll0864
SGL_RS07295,sll0863
SGL_RS07300,sll0862
SGL_RS07305,sll0861
SGL_RS07310,sll0860
SGL_RS07315,sll1317
SGL_RS07320,sll1316
SGL_RS07325,ssl2598
SGL_RS18770,SGL_RS18770
SGL_RS07330,ssl2595
SGL_RS07335,sll1315
SGL_RS07340,sll1314
SGL_RS20135,SGL_RS20135
SGL_RS07350,sll1308
SGL_RS07355,slr1406
SGL_RS07360,slr1407
SGL_RS07365,slr1409
SGL_RS07370,slr1410
SGL_RS07375,sll1307
SGL_RS07380,sll1306
SGL_RS07385,sll1305
SGL_RS07390,sll1304
SGL_RS07395,sll1785
SGL_RS19575,SGL_RS19575
SGL_RS07400,sll1784
SGL_RS07405,sll1783
SGL_RS07410,slr1852
SGL_RS07415,slr1853
SGL_RS07420,slr1854
SGL_RS07425,slr1855
SGL_RS07430,slr1856
SGL_RS07435,slr1857
SGL_RS07440,slr1859
SGL_RS07445,slr1860
SGL_RS07450,slr1861
SGL_RS07455,slr1862
SGL_RS07460,sll1780
SGL_RS07465,slr1863
SGL_RS07470,slr1864
SGL_RS07475,slr1865
SGL_RS07480,slr1866
SGL_RS07485,slr1867
SGL_RS07490,sll1776
SGL_RS07495,sll1775
SGL_RS07500,SGL_RS07500
SGL_RS07505,sll1774
SGL_RS07510,slr1869
SGL_RS07515,SGL_RS07515
SGL_RS19445,SGL_RS19445
SGL_RS07520,slr1870
SGL_RS07525,SGL_RS07525
SGL_RS07530,sll1773
SGL_RS07535,slr1871
SGL_RS07540,sll1772
SGL_RS07545,sll1771
SGL_RS07550,sll1770
SGL_RS07555,SGL_RS07555
SGL_RS07560,sll1769
SGL_RS07565,ssl3383
SGL_RS19580,SGL_RS19580
SGL_RS07570,sll1768
SGL_RS07575,slr1874
SGL_RS07580,slr1875
SGL_RS07585,ssl3379
SGL_RS07590,slr1876
SGL_RS07595,sll1767
SGL_RS07600,slr1877
SGL_RS07605,slr1878
SGL_RS07610,sll1766
SGL_RS07615,sll1765
SGL_RS07620,sll1764
SGL_RS07625,sll1763
SGL_RS07630,sll1762
SGL_RS07635,slr1879
SGL_RS07640,sll1761
SGL_RS07645,sll1760
SGL_RS07650,slr1880
SGL_RS07655,sll1758
SGL_RS07660,ssr3184
SGL_RS07665,slr1881
SGL_RS07670,slr1882
SGL_RS07675,sll1757
SGL_RS07680,ssr3188
SGL_RS07685,ssl3364
SGL_RS07690,slr1884
SGL_RS19585,SGL_RS19585
SGL_RS07695,slr1885
SGL_RS07700,slr1886
SGL_RS07705,sll1755
SGL_RS07710,slr1887
SGL_RS07715,slr1888
SGL_RS07720,slr2132
SGL_RS07725,sll2015
SGL_RS07730,sll2014
SGL_RS07735,sll2013
SGL_RS07740,sll2012
SGL_RS07745,SGL_RS07745
SGL_RS07750,sll2011
SGL_RS07755,sll2010
SGL_RS07760,sll2009
SGL_RS07765,sll2008
SGL_RS07770,slr2135
SGL_RS07775,slr2136
SGL_RS07780,sll2007
SGL_RS07785,sll2006
SGL_RS07790,sll2005
SGL_RS07795,ssl3829
SGL_RS19450,SGL_RS19450
SGL_RS07800,sml0007
SGL_RS07805,slr2141
SGL_RS07810,sll2003
SGL_RS07815,slr2143
SGL_RS07820,sll2002
SGL_RS07825,slr2144
SGL_RS07830,slr1803
SGL_RS07835,sll1710
SGL_RS07840,sll1709
SGL_RS07845,ssl3291
SGL_RS07850,sll1708
SGL_RS07855,slr1805
SGL_RS07860,sll1704
SGL_RS07865,sll1703
SGL_RS07870,sll1702
SGL_RS07875,slr1807
SGL_RS07880,slr1808
SGL_RS07885,slr1809
SGL_RS07890,sll1699
SGL_RS07895,sll1698
SGL_RS20140,SGL_RS20140
SGL_RS07900,sll1697
SGL_RS07905,slr1811
SGL_RS07910,slr1812
SGL_RS07915,slr1813
SGL_RS07920,slr1814
SGL_RS07925,slr1815
SGL_RS07930,slr1816
SGL_RS07935,sll1696
SGL_RS07940,sll1695
SGL_RS07945,sll1694
SGL_RS07950,sll1693
SGL_RS07955,slr1818
SGL_RS07960,sll1692
SGL_RS07965,sll1691
SGL_RS07970,slr1819
SGL_RS07975,sll1689
SGL_RS07980,sll1688
SGL_RS07985,slr1820
SGL_RS07990,sll1687
SGL_RS07995,slr1821
SGL_RS08000,slr1822
SGL_RS08005,slr1732
SGL_RS08010,sll1631
SGL_RS08015,sll1630
SGL_RS08020,sll1629
SGL_RS08025,sll1628
SGL_RS08030,slr1734
SGL_RS08035,slr1735
SGL_RS08040,sll1626
SGL_RS08045,sll1625
SGL_RS08055,sll1624
SGL_RS08060,sll1623
SGL_RS08065,slr1736
SGL_RS08070,slr1737
SGL_RS08075,sll1621
SGL_RS08080,slr1738
SGL_RS08085,sll1620
SGL_RS08090,slr1739
SGL_RS08095,slr1740
SGL_RS08100,ST6803t13
SGL_RS08105,sll1618
SGL_RS08110,slr1742
SGL_RS08115,slr1743
SGL_RS08120,slr1744
SGL_RS08125,slr1746
SGL_RS08130,slr1747
SGL_RS08135,slr0851
SGL_RS08140,slr0852
SGL_RS08145,slr0853
SGL_RS08150,slr0854
SGL_RS08155,sll0858
SGL_RS08160,sll0857
SGL_RS08165,sll0856
SGL_RS08170,sll0855
SGL_RS08175,sll0854
SGL_RS08180,sll0853
SGL_RS08185,SGL_RS08185
SGL_RS19835,SGL_RS19835
SGL_RS19840,SGL_RS19840
SGL_RS08200,sll0851
SGL_RS08205,sll0849
SGL_RS08210,sll0848
SGL_RS08215,sll0847
SGL_RS08220,slr0861
SGL_RS08225,sll0846
SGL_RS08230,slr0862
SGL_RS08235,slr0863
SGL_RS08240,sll0844
SGL_RS08245,sll0843
SGL_RS08250,sll0842
SGL_RS08255,slr0864
SGL_RS08260,slr0865
SGL_RS08265,sll0839
SGL_RS08270,sll0838
SGL_RS08275,sll0837
SGL_RS19845,SGL_RS19845
SGL_RS19850,SGL_RS19850
SGL_RS19455,SGL_RS19455
SGL_RS08285,slr0868
SGL_RS18780,SGL_RS18780
SGL_RS08290,slr0869
SGL_RS08295,slr0870
SGL_RS08300,slr0871
SGL_RS08305,SGL_RS08305
SGL_RS08310,slr0872
SGL_RS08315,sll1165
SGL_RS08320,slr1243
SGL_RS08325,sll1164
SGL_RS08330,sll1163
SGL_RS08335,sll1162
SGL_RS08340,sll1161
SGL_RS08345,sll1160
SGL_RS08350,sll1159
SGL_RS08355,sll1158
SGL_RS08360,slr1245
SGL_RS18785,true
SGL_RS18790,SGL_RS18790
SGL_RS08380,sll1155
SGL_RS08385,sll1154
SGL_RS08390,slr1247
SGL_RS08395,slr1248
SGL_RS08400,slr1249
SGL_RS08405,slr1250
SGL_RS08410,slr1251
SGL_RS08415,ssl2296
SGL_RS08420,sll1151
SGL_RS08425,ssr2087
SGL_RS08430,sll1150
SGL_RS08435,slr1253
SGL_RS08440,slr1254
SGL_RS08445,slr1255
SGL_RS08450,sll1147
SGL_RS08455,slr1256
SGL_RS08460,ST6803t14
SGL_RS08465,slr1257
SGL_RS08470,slr1258
SGL_RS08475,slr1259
SGL_RS08480,slr1260
SGL_RS08485,slr1261
SGL_RS08490,slr1262
SGL_RS08495,slr1263
SGL_RS08500,sll1961
SGL_RS08505,sll1960
SGL_RS08510,sll1959
SGL_RS08515,sll1958
SGL_RS08520,sll1957
SGL_RS08525,slr2057
SGL_RS08530,slr2058
SGL_RS08535,slr2059
SGL_RS08540,slr2060
SGL_RS08545,sll1956
SGL_RS19590,SGL_RS19590
SGL_RS08555,ssl3692
SGL_RS08560,slr2062
SGL_RS08565,sll1951
SGL_RS08570,sll1950
SGL_RS08575,sll1949
SGL_RS08580,slr2067
SGL_RS08585,slr1986
SGL_RS08590,ssr3383
SGL_RS08595,sll1909
SGL_RS08600,sll1908
SGL_RS08605,slr1990
SGL_RS08610,slr1991
SGL_RS08615,slr1992
SGL_RS08620,slr1993
SGL_RS08625,slr1994
SGL_RS08630,sll1906
SGL_RS08635,sll1905
SGL_RS08640,slr1998
SGL_RS18805,SGL_RS18805
SGL_RS08650,slr2000
SGL_RS08655,slr2001
SGL_RS08660,slr2002
SGL_RS08665,slr2003
SGL_RS08670,sll1902
SGL_RS08675,ssr3402
SGL_RS08680,slr2004
SGL_RS08690,slr1712
SGL_RS08695,sll1615
SGL_RS08700,sll1614
SGL_RS08705,sll1613
SGL_RS08710,sll1612
SGL_RS08715,sll1611
SGL_RS19855,SGL_RS19855
SGL_RS18810,SGL_RS18810
SGL_RS08730,sll1609
SGL_RS08735,sll1608
SGL_RS18815,true
SGL_RS08740,SGL_RS08740
SGL_RS08745,slr1717
SGL_RS08750,sll1606
SGL_RS08755,sll1605
SGL_RS08760,SGL_RS08760
SGL_RS08765,slr1718
SGL_RS08770,slr1719
SGL_RS08775,slr1720
SGL_RS08780,slr1721
SGL_RS08785,slr1722
SGL_RS08790,slr1723
SGL_RS08795,sll1601
SGL_RS08800,slr1724
SGL_RS08805,ssl3127
SGL_RS08810,sll1600
SGL_RS08815,sll1599
SGL_RS08820,sll1598
SGL_RS08825,true
SGL_RS08830,sll1596
SGL_RS08835,sll1595
SGL_RS08840,slr1726
SGL_RS08845,sll1594
SGL_RS08850,slr1727
SGL_RS08855,sll1592
SGL_RS08860,sll1590
SGL_RS08865,slr1728
SGL_RS08870,slr1729
SGL_RS08875,ssr2912
SGL_RS08880,slr1730
SGL_RS08885,slr1731
SGL_RS08890,sll1586
SGL_RS08895,sll0254
SGL_RS08900,sll0253
SGL_RS08905,slr0260
SGL_RS08910,ssl0467
SGL_RS08915,sll0252
SGL_RS08920,slr0261
SGL_RS08925,slr0262
SGL_RS08930,slr0263
SGL_RS08935,slr0264
SGL_RS08940,slr0265
SGL_RS08945,sll0250
SGL_RS08950,ssl0461
SGL_RS08955,sll0249
SGL_RS08960,sll0248
SGL_RS19340,SGL_RS19340
SGL_RS08965,sll0247
SGL_RS08970,slr0267
SGL_RS08975,sll0245
SGL_RS08980,sll0244
SGL_RS08985,slr0269
SGL_RS08990,slr0270
SGL_RS08995,ssl0453
SGL_RS09000,ssl0452
SGL_RS09005,slr0271
SGL_RS09010,slr0272
SGL_RS09015,slr0273
SGL_RS09020,sll0243
SGL_RS09025,sll0242
SGL_RS09030,sll0241
SGL_RS09035,sll0240
SGL_RS09040,sll0238
SGL_RS09045,sll0237
SGL_RS09050,ssl0438
SGL_RS09055,sll0236
SGL_RS09060,slr2079
SGL_RS09065,ssr3532
SGL_RS18825,SGL_RS18825
SGL_RS09070,slr2081
SGL_RS09075,slr2082
SGL_RS09080,slr2083
SGL_RS09085,slr2084
SGL_RS09090,sll1988
SGL_RS09095,sll1987
SGL_RS09100,slr2087
SGL_RS09105,slr2088
SGL_RS09110,slr2089
SGL_RS09115,ST6803t15
SGL_RS09125,true
SGL_RS18830,SGL_RS18830
SGL_RS19860,SGL_RS19860
SGL_RS09140,true
SGL_RS09145,true
SGL_RS09150,sll1981
SGL_RS09155,ssl3769
SGL_RS09160,sll1980
SGL_RS09165,sll1979
SGL_RS09170,slr2094
SGL_RS18835,SGL_RS18835
SGL_RS09185,slr2097
SGL_RS09190,slr2098
SGL_RS09195,slr2099
SGL_RS09200,slr2100
SGL_RS09205,slr2101
SGL_RS09210,slr2102
SGL_RS09215,slr2103
SGL_RS09220,slr2104
SGL_RS09225,sll1973
SGL_RS09230,slr2105
SGL_RS09235,sll1430
SGL_RS09240,sll1429
SGL_RS09245,ssl2789
SGL_RS09250,sll1428
SGL_RS09255,slr1503
SGL_RS09260,sll1427
SGL_RS09265,sll1426
SGL_RS09270,sll1425
SGL_RS09275,slr1505
SGL_RS09280,sll1424
SGL_RS09285,sll1423
SGL_RS09290,ssl2781
SGL_RS09295,slr1506
SGL_RS09305,slr1507
SGL_RS09310,slr1508
SGL_RS09315,slr1509
SGL_RS09320,slr1510
SGL_RS09325,slr1511
SGL_RS09330,sll1418
SGL_RS18840,SGL_RS18840
SGL_RS09335,slr1512
SGL_RS09340,slr1513
SGL_RS09345,sll1415
SGL_RS09350,sll1414
SGL_RS19595,SGL_RS19595
SGL_RS09360,slr1515
SGL_RS09365,ssr2551
SGL_RS09370,slr1516
SGL_RS09375,slr1517
SGL_RS09380,ssr2554
SGL_RS09385,slr1518
SGL_RS09390,slr1519
SGL_RS09395,slr1520
SGL_RS09400,slr1521
SGL_RS09405,slr1522
SGL_RS09410,slr1523
SGL_RS18845,SGL_RS18845
SGL_RS18850,true
SGL_RS09420,sll1411
SGL_RS09425,ssl2749
SGL_RS09430,sll2001
SGL_RS09435,ST6803t16
SGL_RS09440,ssr3570
SGL_RS09445,ssr3571
SGL_RS09450,SGL_RS09450
SGL_RS09455,slr2107
SGL_RS09460,slr2108
SGL_RS09465,true
SGL_RS18855,SGL_RS18855
SGL_RS09480,true
SGL_RS09485,slr2110
SGL_RS09490,slr2111
SGL_RS19865,SGL_RS19865
SGL_RS18860,SGL_RS18860
SGL_RS09505,slr2114
SGL_RS09510,slr2115
SGL_RS09515,slr2116
SGL_RS09520,slr2117
SGL_RS09525,SGL_RS09525
SGL_RS09530,slr2118
SGL_RS09535,slr2119
SGL_RS09540,slr2120
SGL_RS09545,slr2121
SGL_RS09550,slr2122
SGL_RS09555,slr2123
SGL_RS09560,slr2124
SGL_RS09565,slr2125
SGL_RS09570,slr2126
SGL_RS09575,slr2127
SGL_RS09580,slr2128
SGL_RS09585,sll1995
SGL_RS09590,sll1994
SGL_RS09595,sll1994a
SGL_RS09600,slr2130
SGL_RS09605,slr2131
SGL_RS09610,SGL_RS09610
SGL_RS09615,SGL_RS09615
SGL_RS09620,sll1241
SGL_RS09625,sll1240
SGL_RS09630,sll1239
SGL_RS09635,slr1322
SGL_RS09640,sll1237
SGL_RS09645,slr1324
SGL_RS09650,ssr2194
SGL_RS09655,sll1236
SGL_RS09660,slr1325
SGL_RS09665,sll1234
SGL_RS09670,ssr2201
SGL_RS09675,slr1327
SGL_RS09680,sll1233
SGL_RS09685,sll1232
SGL_RS09690,sll1231
SGL_RS09695,sll1229
SGL_RS19870,SGL_RS19870
SGL_RS09700,sll1228
SGL_RS09705,slr1329
SGL_RS09710,slr1330
SGL_RS09715,slr1331
SGL_RS09720,slr1332
SGL_RS09725,sll1226
SGL_RS09730,sll1225
SGL_RS09735,ssl2420
SGL_RS09740,sll1224
SGL_RS09745,sll1223
SGL_RS09750,sll1222
SGL_RS09755,sll1221
SGL_RS09760,sll1220
SGL_RS19200,true
SGL_RS09770,SGL_RS09770
SGL_RS09775,slr1334
SGL_RS20145,SGL_RS20145
SGL_RS09780,sll1218
SGL_RS09785,sll1217
SGL_RS09790,ssr1375
SGL_RS09795,slr0804
SGL_RS09800,slr0806
SGL_RS09805,sml0008
SGL_RS09810,sll0819
SGL_RS09815,slr0807
SGL_RS09820,slr0808
SGL_RS09825,slr0809
SGL_RS09830,slr0810
SGL_RS09835,sll0818
SGL_RS09840,ssl1520
SGL_RS09845,sll0817
SGL_RS09850,sll0816
SGL_RS09855,sll0815
SGL_RS09860,sll0814
SGL_RS09865,sll0813
SGL_RS09870,slr0812
SGL_RS09875,slr0813
SGL_RS09880,sll0812
SGL_RS09885,ssr1386
SGL_RS09890,slr0815
SGL_RS09895,slr0816
SGL_RS19875,true
SGL_RS19215,true
SGL_RS09905,sll0809
SGL_RS09910,ST6803t17
SGL_RS09915,slr0817
SGL_RS09920,slr0818
SGL_RS09925,slr0819
SGL_RS09930,ssr1391
SGL_RS09935,slr0820
SGL_RS09940,true
SGL_RS09945,slr0821
SGL_RS09950,sll0807
SGL_RS09955,slr0822
SGL_RS09960,slr0823
SGL_RS09965,sll0804
SGL_RS09970,sll0803
SGL_RS09975,sll0802
SGL_RS09980,ssl1498
SGL_RS09985,sll1263
SGL_RS09990,sll1262
SGL_RS10000,sll1261
SGL_RS19460,SGL_RS19460
SGL_RS10005,sll1260
SGL_RS10010,ST6803t18
SGL_RS10015,slr1336
SGL_RS10020,sll1258
SGL_RS18875,SGL_RS18875
SGL_RS19880,SGL_RS19880
SGL_RS10035,slr1338
SGL_RS10040,slr1339
SGL_RS10045,slr1340
SGL_RS10055,sll1255
SGL_RS10060,sll1254
SGL_RS10065,slr1342
SGL_RS10070,slr1343
SGL_RS10075,sll1253
SGL_RS10080,sll1252
SGL_RS10085,slr1344
SGL_RS10090,sll1251
SGL_RS19885,true
SGL_RS10105,sll1249
SGL_RS10110,slr1347
SGL_RS10115,slr1348
SGL_RS10125,slr1349
SGL_RS10130,slr1350
SGL_RS10135,sll1247
SGL_RS10140,slr1351
SGL_RS10145,sll1245
SGL_RS10150,sll1244
SGL_RS10155,slr1353
SGL_RS10160,sll1242
SGL_RS10165,slr1956
SGL_RS10175,slr1957
SGL_RS10180,slr1958
SGL_RS10185,sll1900
SGL_RS10190,ssl3580
SGL_RS10195,sll1899
SGL_RS10200,sll1898
SGL_RS10205,slr1959
SGL_RS10210,sll1897
SGL_RS18885,true
SGL_RS10215,ssl3573
SGL_RS10220,slr1962
SGL_RS10225,sll1895
SGL_RS10230,slr1963
SGL_RS10235,slr1964
SGL_RS10240,sll1894
SGL_RS10245,slr1966
SGL_RS10250,sll1893
SGL_RS10255,sll1892
SGL_RS10260,slr1968
SGL_RS10265,sll1891
SGL_RS10270,sll1890
SGL_RS10275,slr1969
SGL_RS10280,ssr3341
SGL_RS10285,slr1970
SGL_RS10290,slr1971
SGL_RS10295,sll1888
SGL_RS10300,ssl3549
SGL_RS10305,slr1972
SGL_RS10310,sll1886
SGL_RS10315,sll1885
SGL_RS10320,slr1974
SGL_RS10325,sll1884
SGL_RS10330,sll1883
SGL_RS10335,sll1882
SGL_RS10340,slr1975
SGL_RS10345,sll1880
SGL_RS10350,sll1879
SGL_RS10355,sll1878
SGL_RS10360,slr1977
SGL_RS10365,slr1978
SGL_RS10370,slr1979
SGL_RS10375,slr1980
SGL_RS10380,sll1876
SGL_RS10385,sll1875
SGL_RS10390,sll1874
SGL_RS10395,sll1873
SGL_RS10400,sll1872
SGL_RS10405,sll1871
SGL_RS10410,slr1982
SGL_RS10415,slr1983
SGL_RS10420,sll1870
SGL_RS10425,sll1869
SGL_RS10430,slr1984
SGL_RS10435,sll1868
SGL_RS10440,sll1867
SGL_RS10445,sll1866
SGL_RS10450,sll1390
SGL_RS10455,ssl2717
SGL_RS10460,sll1389
SGL_RS10465,sll1388
SGL_RS10470,ST6803t19
SGL_RS10475,smr0010
SGL_RS10480,sll1387
SGL_RS10485,sll1386
SGL_RS10490,slr1467
SGL_RS10495,slr1468
SGL_RS18890,SGL_RS18890
SGL_RS10500,slr1469
SGL_RS10505,slr1470
SGL_RS10510,slr1471
SGL_RS10515,slr1472
SGL_RS10520,sll1384
SGL_RS10525,sll1383
SGL_RS10530,sll1382
SGL_RS10535,ST6803t20
SGL_RS18415,SGL_RS18415
SGL_RS10540,slr1474
SGL_RS10545,sll1381
SGL_RS10550,sll1380
SGL_RS10555,slr1476
SGL_RS10560,ST6803t21
SGL_RS10565,sll1378
SGL_RS10570,sll1377
SGL_RS10575,slr1478
SGL_RS10580,sll1376
SGL_RS10585,sll1374
SGL_RS19605,SGL_RS19605
SGL_RS10595,sll1373
SGL_RS10600,sll1372
SGL_RS10605,sll1371
SGL_RS10610,sll1370
SGL_RS10615,sll1369
SGL_RS10620,sll1182
SGL_RS10625,sll1181
SGL_RS10630,sll1180
SGL_RS10640,slr1265
SGL_RS10645,sll1178
SGL_RS10650,slr1266
SGL_RS10655,slr1267
SGL_RS10660,slr1269
SGL_RS10665,slr1270
SGL_RS10670,slr1271
SGL_RS20030,SGL_RS20030
SGL_RS10680,slr1273
SGL_RS10685,slr1274
SGL_RS10690,slr1275
SGL_RS10695,slr1276
SGL_RS10700,slr1277
SGL_RS10705,sll1174
SGL_RS10710,sll1173
SGL_RS10715,slr1278
SGL_RS10720,sll1172
SGL_RS10725,slr1279
SGL_RS10730,slr1280
SGL_RS10735,slr1281
SGL_RS18900,true
SGL_RS10750,sll1170
SGL_RS10755,sll1169
SGL_RS10760,slr1285
SGL_RS10765,sll1167
SGL_RS10770,ssr2130
SGL_RS10775,slr1287
SGL_RS10780,slr1288
SGL_RS18420,SGL_RS18420
SGL_RS10785,sll1166
SGL_RS10790,sll1447
SGL_RS10795,sll1446
SGL_RS10800,sll1444
SGL_RS10805,sll1443
SGL_RS10810,SGL_RS10810
SGL_RS10815,sll1442
SGL_RS10820,slr1529
SGL_RS10825,sll1441
SGL_RS10830,sll1440
SGL_RS10835,slr1530
SGL_RS10840,sll1439
SGL_RS10845,SGL_RS10845
SGL_RS10850,slr1531
SGL_RS18905,SGL_RS18905
SGL_RS19895,SGL_RS19895
SGL_RS10865,sll1435
SGL_RS10870,sll1434
SGL_RS10875,sll1433
SGL_RS10880,sll1432
SGL_RS10885,slr1533
SGL_RS10890,slr1534
SGL_RS10895,slr1152
SGL_RS10900,ssl2162
SGL_RS10905,sll1104
SGL_RS10910,sll1103
SGL_RS10915,sll1102
SGL_RS10920,sll1101
SGL_RS10925,sll1099
SGL_RS10930,sll1098
SGL_RS10935,sll1097
SGL_RS10940,sll1096
SGL_RS10945,sll1095
SGL_RS10950,slr1159
SGL_RS10955,slr1160
SGL_RS10960,ssl2153
SGL_RS19900,SGL_RS19900
SGL_RS19905,SGL_RS19905
SGL_RS10975,slr1161
SGL_RS10980,slr1162
SGL_RS10985,slr1163
SGL_RS10990,ssl2148
SGL_RS10995,slr1164
SGL_RS11000,slr1165
SGL_RS11005,slr1166
SGL_RS11010,sll1092
SGL_RS11015,ssl2138
SGL_RS11020,sll1091
SGL_RS11025,slr1167
SGL_RS11030,slr1168
SGL_RS11035,slr1169
SGL_RS11040,slr1170
SGL_RS11045,slr1171
SGL_RS11050,SGL_RS11050
SGL_RS11055,sll1089
SGL_RS11060,sll1087
SGL_RS11065,sll1086
SGL_RS11070,slr1173
SGL_RS19610,SGL_RS19610
SGL_RS11075,slr1174
SGL_RS11080,sll1085
SGL_RS11085,sll1566
SGL_RS20205,SGL_RS20205
SGL_RS11090,slr1670
SGL_RS11095,slr1672
SGL_RS11100,slr1673
SGL_RS11105,slr1674
SGL_RS11110,slr1675
SGL_RS11115,slr1676
SGL_RS11120,slr1677
SGL_RS11125,slr1678
SGL_RS11130,ssr2799
SGL_RS11135,slr1679
SGL_RS11140,sll1564
SGL_RS11145,ssr2802
SGL_RS19910,true
SGL_RS11155,ssr2806
SGL_RS11160,sll1563
SGL_RS11165,sll1562
SGL_RS11170,sll1561
SGL_RS11175,slr1681
SGL_RS11180,slr1682
SGL_RS11185,sll1560
SGL_RS11190,slr1683
SGL_RS19230,SGL_RS19230
SGL_RS18925,true
SGL_RS11200,sll1559
SGL_RS11205,slr1686
SGL_RS11210,ssl3044
SGL_RS11215,slr1687
SGL_RS11220,sll1558
SGL_RS11225,sll1557
SGL_RS11230,sll1556
SGL_RS11235,sll1555
SGL_RS11240,ssr2831
SGL_RS11245,slr1689
SGL_RS11250,slr1690
SGL_RS11255,slr1691
SGL_RS11260,slr1692
SGL_RS11265,slr1693
SGL_RS11270,slr1694
SGL_RS11275,sll1553
SGL_RS11280,slr1697
SGL_RS11285,sll0921
SGL_RS11290,sll0920
SGL_RS11295,slr1004
SGL_RS11300,slr0935
SGL_RS11305,slr0936
SGL_RS11310,slr0937
SGL_RS11315,slr0938
SGL_RS11320,sll0916
SGL_RS11325,sll0915
SGL_RS11330,slr0940
SGL_RS11335,slr0941
SGL_RS11340,slr0942
SGL_RS11345,slr0943
SGL_RS11350,sll0914
SGL_RS11355,slr0944
SGL_RS11360,slr0945
SGL_RS11365,slr0946
SGL_RS11370,slr0947
SGL_RS11375,slr0948
SGL_RS11380,sll0913
SGL_RS11385,sll0912
SGL_RS11390,slr0949
SGL_RS11395,slr0950
SGL_RS11400,sll0911
SGL_RS11405,sll0910
SGL_RS11410,sll0909
SGL_RS11415,slr0951
SGL_RS11420,slr0952
SGL_RS11425,slr0953
SGL_RS11430,ssr1600
SGL_RS11435,slr0954
SGL_RS11440,slr0955
SGL_RS11445,slr0957
SGL_RS11450,slr0958
SGL_RS11455,sll0905
SGL_RS11460,slr0959
SGL_RS11465,slr0960
SGL_RS11470,sll1541
SGL_RS11475,ssr2723
SGL_RS11480,sll1540
SGL_RS11485,slr1622
SGL_RS11490,slr1623
SGL_RS11495,slr1624
SGL_RS11500,sll1538
SGL_RS11505,sll1537
SGL_RS11510,slr1626
SGL_RS11515,slr1627
SGL_RS11520,sll1536
SGL_RS11525,slr1628
SGL_RS11530,slr1629
SGL_RS11535,sll1535
SGL_RS11540,sll1534
SGL_RS11545,sll1533
SGL_RS11550,slr1634
SGL_RS11555,sll1532
SGL_RS11560,ssl2982
SGL_RS11565,slr1635
SGL_RS11570,SGL_RS11570
SGL_RS11575,ST6803t22
SGL_RS11580,slr1638
SGL_RS11585,slr1639
SGL_RS11590,sll1531
SGL_RS11595,sll1530
SGL_RS11600,sll1528
SGL_RS11605,sll1527
SGL_RS11610,sll1526
SGL_RS11615,slr1641
SGL_RS11620,ssl2971
SGL_RS11625,sll1525
SGL_RS11630,slr1643
SGL_RS11635,sll1524
SGL_RS11640,slr1644
SGL_RS11645,slr1645
SGL_RS11650,slr1646
SGL_RS11655,slr1647
SGL_RS11660,slr1648
SGL_RS11665,ssr2754
SGL_RS11670,SGL_RS11670
SGL_RS11675,slr1649
SGL_RS11680,sll1522
SGL_RS11685,sll1521
SGL_RS11690,sll1520
SGL_RS11695,slr0442
SGL_RS11700,sll0428
SGL_RS11705,SGL_RS11705
SGL_RS18930,SGL_RS18930
SGL_RS11715,SGL_RS11715
SGL_RS11720,slr1005
SGL_RS11725,ssr0759
SGL_RS11730,ssr0761
SGL_RS18935,SGL_RS18935
SGL_RS11735,sll0427
SGL_RS11740,slr0443
SGL_RS11745,ST6803t23
SGL_RS11750,sll0426
SGL_RS11755,slr0444
SGL_RS11760,sll0424
SGL_RS11765,sll0423
SGL_RS11770,ST6803t24
SGL_RS11775,sll0422
SGL_RS11780,sll0421
SGL_RS11785,slr0445
SGL_RS11790,sll0420
SGL_RS11795,sll0419
SGL_RS11800,sll0418
SGL_RS11805,slr0446
SGL_RS11810,slr0447
SGL_RS11815,slr0448
SGL_RS11820,sll0274
SGL_RS11825,sll0273
SGL_RS11830,sll0272
SGL_RS11835,sll0271
SGL_RS11840,slr0280
SGL_RS11845,sll0270
SGL_RS11850,sll0269
SGL_RS11855,sll0268
SGL_RS11860,sll0267
SGL_RS11865,sll0266
SGL_RS11870,sll0265
SGL_RS11875,sll0264
SGL_RS11880,sll0263
SGL_RS11885,sll0262
SGL_RS11890,sll0261
SGL_RS20150,SGL_RS20150
SGL_RS11895,slr0284
SGL_RS11900,slr0285
SGL_RS11905,slr0286
SGL_RS11910,sll0260
SGL_RS11915,ssr0482
SGL_RS11920,slr0287
SGL_RS11925,slr0288
SGL_RS11930,slr0291
SGL_RS11935,sll0258
SGL_RS11940,ssl0483
SGL_RS11945,slr0292
SGL_RS11950,sll0257
SGL_RS11955,slr0293
SGL_RS11960,slr0294
SGL_RS11965,slr0392
SGL_RS11970,slr0393
SGL_RS18940,SGL_RS18940
SGL_RS11975,sll0364
SGL_RS11980,slr0394
SGL_RS11985,slr0395
SGL_RS11990,sll0362
SGL_RS11995,sll0361
SGL_RS12000,sll0360
SGL_RS12005,sll0359
SGL_RS12010,slr0397
SGL_RS12015,slr0398
SGL_RS12020,slr0399
SGL_RS12025,slr0400
SGL_RS12030,slr0401
SGL_RS12035,ST6803t25
SGL_RS12040,slr0402
SGL_RS12045,ssl0707
SGL_RS12050,slr0404
SGL_RS20155,SGL_RS20155
SGL_RS12055,ssr0657
SGL_RS12060,sll0356
SGL_RS12065,sll0355
SGL_RS19235,true
SGL_RS12070,sll0354
SGL_RS12075,SGL_RS12075
SGL_RS12080,slr0406
SGL_RS12085,slr0407
SGL_RS12090,slr0408
SGL_RS12095,slr0142
SGL_RS12100,slr0143
SGL_RS12105,slr0144
SGL_RS12110,slr0145
SGL_RS19915,SGL_RS19915
SGL_RS12120,slr0147
SGL_RS12125,slr0148
SGL_RS12130,slr0149
SGL_RS12135,slr0150
SGL_RS12140,slr0151
SGL_RS12145,slr0152
SGL_RS12150,sll0149
SGL_RS12155,sll0148
SGL_RS12160,sll0147
SGL_RS19920,true
SGL_RS12165,sll0146
SGL_RS12170,sll0145
SGL_RS12175,sll0144
SGL_RS12180,ssl0259
SGL_RS12185,SGL_RS12185
SGL_RS12190,slr0156
SGL_RS12195,slr0157
SGL_RS12200,sll0142
SGL_RS12205,sll0141
SGL_RS12210,slr0161
SGL_RS20075,true
SGL_RS12225,slr0164
SGL_RS12230,slr0165
SGL_RS12235,sll0136
SGL_RS12240,sll0135
SGL_RS12245,ssl0242
SGL_RS18950,SGL_RS18950
SGL_RS18955,true
SGL_RS12255,slr1923
SGL_RS12260,slr1924
SGL_RS12265,slr1925
SGL_RS12270,sll1865
SGL_RS12275,SGL_RS12275
SGL_RS12280,sll1864
SGL_RS12285,slr1926
SGL_RS12290,slr1927
SGL_RS12295,slr1928
SGL_RS18960,SGL_RS18960
SGL_RS12305,slr1930
SGL_RS18965,SGL_RS18965
SGL_RS12310,slr1932
SGL_RS12315,sll1863
SGL_RS12320,sll1862
SGL_RS12325,sll1861
SGL_RS12330,sll1860
SGL_RS19240,true
SGL_RS12335,slr1933
SGL_RS12340,sll1858
SGL_RS12345,slr1934
SGL_RS12350,slr1935
SGL_RS12355,sll1854
SGL_RS12360,sll1853
SGL_RS12365,sll1852
SGL_RS12370,ST6803t26
SGL_RS12375,sll1851
SGL_RS19925,SGL_RS19925
SGL_RS18970,SGL_RS18970
SGL_RS12390,sll1849
SGL_RS12395,slr1938
SGL_RS12400,sll1848
SGL_RS12410,slr1939
SGL_RS12415,slr1940
SGL_RS12420,ssr3300
SGL_RS12425,sll1845
SGL_RS12430,slr1942
SGL_RS12435,ssr3304
SGL_RS12440,slr1943
SGL_RS12445,slr1944
SGL_RS12450,slr1945
SGL_RS12455,ssr3307
SGL_RS12460,slr1946
SGL_RS12465,sll1841
SGL_RS12470,slr1949
SGL_RS12475,slr1950
SGL_RS12480,slr1951
SGL_RS12485,slr0989
SGL_RS12490,slr0990
SGL_RS12495,slr0992
SGL_RS20035,true
SGL_RS20040,true
SGL_RS12505,sll0947
SGL_RS12510,slr0994
SGL_RS12515,ssl1807
SGL_RS12520,ST6803t27
SGL_RS12525,sll0945
SGL_RS12530,sll0944
SGL_RS12535,slr0320
SGL_RS12540,sll0306
SGL_RS12545,slr0321
SGL_RS12550,slr0322
SGL_RS12555,slr0323
SGL_RS12560,slr0324
SGL_RS12565,slr0325
SGL_RS12570,sll0301
SGL_RS12575,sll0300
SGL_RS19930,SGL_RS19930
SGL_RS12585,slr0327
SGL_RS12590,slr0328
SGL_RS12595,slr0329
SGL_RS12600,sll0298
SGL_RS12605,sll0297
SGL_RS12610,sll0296
SGL_RS12615,ssl0564
SGL_RS12620,ssl0563
SGL_RS12625,slr0331
SGL_RS12630,slr0333
SGL_RS12635,slr0334
SGL_RS12640,ssr0536
SGL_RS12645,sll0295
SGL_RS12650,slr0335
SGL_RS12655,slr0337
SGL_RS12660,sll0294
SGL_RS12665,sll0293
SGL_RS12675,slr0338
SGL_RS12680,slr0168
SGL_RS12685,SGL_RS12685
SGL_RS12690,slr0169
SGL_RS12695,slr0171
SGL_RS12700,slr0172
SGL_RS12705,sll0177
SGL_RS19935,SGL_RS19935
SGL_RS19940,SGL_RS19940
SGL_RS12725,sll0175
SGL_RS12730,sll0174
SGL_RS12735,sll0173
SGL_RS12740,sll0172
SGL_RS12745,sll0171
SGL_RS12750,sll0170
SGL_RS12755,sll0169
SGL_RS12760,sll0168
SGL_RS12765,sll0167
SGL_RS12770,sll0166
SGL_RS12775,sll0163
SGL_RS12785,sll0162
SGL_RS12790,slr0179
SGL_RS12795,slr0180
SGL_RS18980,true
SGL_RS12805,slr0181
SGL_RS12810,ssl0294
SGL_RS18985,true
SGL_RS12815,sll0160
SGL_RS12820,sll0158
SGL_RS12825,sll0157
SGL_RS12830,sll0156
SGL_RS12835,slr0184
SGL_RS12840,slr0185
SGL_RS12845,sll0154
SGL_RS12850,slr0186
SGL_RS12855,slr0359
SGL_RS12860,slr0360
SGL_RS12865,slr0361
SGL_RS12870,slr0362
SGL_RS12875,sll0350
SGL_RS12880,sml0001
SGL_RS12885,slr0363
SGL_RS19945,SGL_RS19945
SGL_RS19950,SGL_RS19950
SGL_RS12895,slr0369
SGL_RS12900,slr0370
SGL_RS12905,sll0337
SGL_RS12910,sll0336
SGL_RS12915,sll0335
SGL_RS12920,slr0373
SGL_RS12925,slr0374
SGL_RS12930,slr0376
SGL_RS12935,slr0377
SGL_RS12940,slr0378
SGL_RS12945,slr0379
SGL_RS12950,slr0380
SGL_RS12955,slr0381
SGL_RS12965,sll0330
SGL_RS12970,slr0383
SGL_RS12975,slr0384
SGL_RS12985,sll0329
SGL_RS19465,SGL_RS19465
SGL_RS12990,sll0328
SGL_RS12995,sll0327
SGL_RS13000,slr0386
SGL_RS13005,slr0387
SGL_RS13010,slr0388
SGL_RS13015,slr0769
SGL_RS13020,slr0770
SGL_RS13025,slr0771
SGL_RS13030,slr0772
SGL_RS13035,slr0773
SGL_RS13040,sll0772
SGL_RS13045,sll0771
SGL_RS13050,slr0774
SGL_RS13055,slr0775
SGL_RS13060,slr0776
SGL_RS13065,sll0767
SGL_RS13070,ssl1426
SGL_RS13075,sll0766
SGL_RS13080,sll0765
SGL_RS13085,ST6803t28
SGL_RS19620,SGL_RS19620
SGL_RS13090,sll0764
SGL_RS19955,SGL_RS19955
SGL_RS19960,SGL_RS19960
SGL_RS13100,sll0761
SGL_RS13105,sll0760
SGL_RS13110,sll0759
SGL_RS13115,slr0779
SGL_RS13120,sll0757
SGL_RS13125,smr0001
SGL_RS13130,slr0780
SGL_RS13135,sll0756
SGL_RS13140,sll0755
SGL_RS13145,sll0754
SGL_RS13150,ssl1417
SGL_RS13155,sll0753
SGL_RS19965,SGL_RS19965
SGL_RS19970,SGL_RS19970
SGL_RS13165,slr0782
SGL_RS13170,sll0750
SGL_RS13175,sll0749
SGL_RS13180,slr0783
SGL_RS13185,slr0784
SGL_RS13190,slr0341
SGL_RS13195,sll0325
SGL_RS13200,slr0342
SGL_RS13205,slr0343
SGL_RS13210,slr0344
SGL_RS13215,slr0345
SGL_RS19625,SGL_RS19625
SGL_RS13220,slr0346
SGL_RS13225,sll0322
SGL_RS13230,sll0321
SGL_RS13235,slr0347
SGL_RS13240,sll0320
SGL_RS13245,sll0319
SGL_RS13250,slr0348
SGL_RS13255,sll0318
SGL_RS13260,slr0350
SGL_RS13265,slr0351
SGL_RS13270,true
SGL_RS18990,SGL_RS18990
SGL_RS18995,true
SGL_RS19000,SGL_RS19000
SGL_RS13285,sll0314
SGL_RS13290,slr0354
SGL_RS19005,SGL_RS19005
SGL_RS13295,ST6803r01
SGL_RS13300,ST6803r02
SGL_RS13305,ST6803t29
SGL_RS13310,ST6803r03
SGL_RS13315,slr0355
SGL_RS13320,slr0356
SGL_RS13325,sll0312
SGL_RS13330,slr0357
SGL_RS13335,slr0358
SGL_RS13340,sll0310
SGL_RS13345,sll0309
SGL_RS20160,SGL_RS20160
SGL_RS13350,sll0024
SGL_RS13355,sll0023
SGL_RS13360,sll0022
SGL_RS13365,slr0001
SGL_RS13370,sll0021
SGL_RS13375,sll0020
SGL_RS13380,sll0019
SGL_RS13385,sll0018
SGL_RS13390,sll0017
SGL_RS13395,sll0016
SGL_RS13400,slr0006
SGL_RS13405,slr0007
SGL_RS13410,slr0008
SGL_RS13415,slr0009
SGL_RS13420,slr0011
SGL_RS13425,slr0012
SGL_RS13430,slr0013
SGL_RS13435,slr0014
SGL_RS13440,sll0012
SGL_RS13445,slr0015
SGL_RS13450,ssl0020
SGL_RS13455,slr0016
SGL_RS13460,slr0017
SGL_RS13465,slr0018
SGL_RS19630,SGL_RS19630
SGL_RS13470,ST6803t30
SGL_RS13475,slr0019
SGL_RS13480,sll0008
SGL_RS13485,sll0007
SGL_RS13490,sll0006
SGL_RS13495,sll0005
SGL_RS13500,slr0020
SGL_RS13505,slr0021
SGL_RS13510,sll0002
SGL_RS13515,ST6803t31
SGL_RS13520,slr0213
SGL_RS13525,slr0214
SGL_RS13530,sll0210
SGL_RS13535,slr0216
SGL_RS13540,slr0217
SGL_RS13545,ssr0349
SGL_RS13550,sll0209
SGL_RS13555,sll0208
SGL_RS13560,sll0207
SGL_RS13565,slr0220
SGL_RS13570,sll0205
SGL_RS13575,slr1000
SGL_RS13580,sll0204
SGL_RS13585,slr0222
SGL_RS13590,sll0202
SGL_RS13595,slr0224
SGL_RS19015,SGL_RS19015
SGL_RS19975,SGL_RS19975
SGL_RS13610,sll0199
SGL_RS13615,slr0226
SGL_RS13620,sll0198
SGL_RS13625,slr0228
SGL_RS13630,sll0195
SGL_RS13635,sll0194
SGL_RS13640,slr0229
SGL_RS13645,SGL_RS13645
SGL_RS19020,SGL_RS19020
SGL_RS13655,slr0231
SGL_RS13660,sll0192
SGL_RS13665,slr0232
SGL_RS13670,slr0233
SGL_RS13675,sll0191
SGL_RS13680,sll0416
SGL_RS13685,sll0415
SGL_RS13690,sll0414
SGL_RS13695,slr0431
SGL_RS20080,SGL_RS20080
SGL_RS20085,SGL_RS20085
SGL_RS13705,sll0413
SGL_RS13710,sll0412
SGL_RS13715,sll0410
SGL_RS13720,sll0409
SGL_RS13725,sll0408
SGL_RS13730,slr0434
SGL_RS13735,slr0435
SGL_RS13740,slr0436
SGL_RS13745,sll0406
SGL_RS13750,sll0405
SGL_RS13755,SGL_RS13755
SGL_RS13760,SGL_RS13760
SGL_RS13765,sll0404
SGL_RS13770,slr0438
SGL_RS13775,sll0403
SGL_RS13780,slr0439
SGL_RS19255,true
SGL_RS13785,sll0402
SGL_RS13790,sll0401
SGL_RS13795,sll0400
SGL_RS13800,slr0440
SGL_RS13805,slr0049
SGL_RS13810,ssr0102
SGL_RS13815,slr0050
SGL_RS13820,sll0072
SGL_RS13825,sll0071
SGL_RS13830,sll0070
SGL_RS13835,slr0051
SGL_RS13840,sll0069
SGL_RS13845,sll0068
SGL_RS13850,sll0067
SGL_RS13855,sll0066
SGL_RS13860,sll0065
SGL_RS13865,ssr0109
SGL_RS13870,slr0053
SGL_RS13875,slr0054
SGL_RS13880,slr0055
SGL_RS13885,slr0056
SGL_RS13890,sll0064
SGL_RS13895,sll0063a
SGL_RS13900,sll0063
SGL_RS13905,sll0062
SGL_RS13910,slr0058
SGL_RS13915,ST6803t32
SGL_RS13920,slr0059
SGL_RS13925,slr0060
SGL_RS13930,slr0061
SGL_RS13935,sll0060
SGL_RS13940,sll0058
SGL_RS13945,sll0057
SGL_RS13950,slr0063
SGL_RS13955,slr0064
SGL_RS13960,slr0065
SGL_RS13965,slr0066
SGL_RS19035,SGL_RS19035
SGL_RS13970,sll0055
SGL_RS13975,slr0067
SGL_RS13980,sll0053
SGL_RS13985,slr0069
SGL_RS13990,sll0051
SGL_RS13995,slr0070
SGL_RS14000,slr0467
SGL_RS14005,slr0468
SGL_RS14010,slr0469
SGL_RS14015,sll0462
SGL_RS14020,SGL_RS14020
SGL_RS14025,sll0461
SGL_RS14030,slr0473
SGL_RS14035,slr0474
SGL_RS14040,sll0459
SGL_RS14045,slr0476
SGL_RS14050,sml0002
SGL_RS14055,slr0477
SGL_RS14060,slr0479
SGL_RS14065,slr0480
SGL_RS14070,slr0482
SGL_RS14075,slr0483
SGL_RS14080,slr0484
SGL_RS14085,slr0487
SGL_RS14090,slr0488
SGL_RS19040,SGL_RS19040
SGL_RS14100,slr0491
SGL_RS14105,slr0492
SGL_RS14110,slr0493
SGL_RS14115,sll0456
SGL_RS14120,sll0455
SGL_RS14125,slr0495
SGL_RS14130,slr0496
SGL_RS14135,sll0454
SGL_RS19470,SGL_RS19470
SGL_RS14140,sll0691
SGL_RS14145,sll0690
SGL_RS14150,ssl1300
SGL_RS14155,sll0689
SGL_RS14160,sll0688
SGL_RS14165,sll0687
SGL_RS14170,sll0686
SGL_RS14175,sll0685
SGL_RS14180,sll0684
SGL_RS14185,sll0683
SGL_RS14190,sll0682
SGL_RS14195,sll0681
SGL_RS14200,sll0680
SGL_RS14205,sll0679
SGL_RS14210,slr0719
SGL_RS14215,ST6803t33
SGL_RS14220,slr0628
SGL_RS14225,sll0617
SGL_RS14230,SGL_RS14230
SGL_RS14235,slr0630
SGL_RS14240,sll0616
SGL_RS14245,sll0615
SGL_RS14250,sll0614
SGL_RS14255,sll0613
SGL_RS19980,true
SGL_RS19985,SGL_RS19985
SGL_RS14265,slr0634
SGL_RS14270,slr0635
SGL_RS14275,sll0611
SGL_RS14280,slr0636
SGL_RS19475,SGL_RS19475
SGL_RS14285,slr0637
SGL_RS14290,slr0638
SGL_RS14295,slr0639
SGL_RS14300,slr0640
SGL_RS14305,sll0609
SGL_RS14310,sll0608
SGL_RS14315,slr0642
SGL_RS14320,slr0643
SGL_RS14325,sll0606
SGL_RS14330,slr0644
SGL_RS14335,sll0603
SGL_RS14340,sll0602
SGL_RS14345,slr0645
SGL_RS14350,slr0646
SGL_RS14355,SGL_RS14355
SGL_RS14360,sll0601
SGL_RS14365,slr0649
SGL_RS14370,slr0650
SGL_RS14375,sll0398
SGL_RS14380,sll0397
SGL_RS14385,sll0396
SGL_RS14390,sll0395
SGL_RS14395,sll0394
SGL_RS14400,slr0415
SGL_RS14405,slr0416
SGL_RS14415,slr0417
SGL_RS14420,slr0418
SGL_RS14425,sll0385
SGL_RS14430,sll0384
SGL_RS14435,sll0383
SGL_RS14440,sll0382
SGL_RS14445,sll0381
SGL_RS19635,SGL_RS19635
SGL_RS14450,ssl0750
SGL_RS14455,ssr0693
SGL_RS14460,sll0380
SGL_RS14465,sll0379
SGL_RS14470,slr0420
SGL_RS14475,slr0421
SGL_RS14480,sll0378
SGL_RS14485,sll0377
SGL_RS14490,sll0376
SGL_RS14495,slr0423
SGL_RS14500,sll0374
SGL_RS14505,sll0373
SGL_RS14510,sll0372
SGL_RS14515,SGL_RS14515
SGL_RS14520,ssl0738
SGL_RS14525,sll0371
SGL_RS14530,sll0370
SGL_RS14535,sll0369
SGL_RS14540,sll0368
SGL_RS14545,slr0426
SGL_RS14550,slr0427
SGL_RS14555,sll0189
SGL_RS14560,sll0188
SGL_RS20165,SGL_RS20165
SGL_RS14565,slr0191
SGL_RS14570,slr0192
SGL_RS14575,slr0193
SGL_RS14580,slr0194
SGL_RS14585,slr0195
SGL_RS14590,slr0196
SGL_RS14595,slr0197
SGL_RS14600,sll0185
SGL_RS14605,slr0199
SGL_RS14610,sll0184
SGL_RS14620,slr0201
SGL_RS14625,ssl0353
SGL_RS14630,sll0183
SGL_RS18425,SGL_RS18425
SGL_RS14635,sll0182
SGL_RS14640,sll0181
SGL_RS14645,ssl0350
SGL_RS14650,SGL_RS14650
SGL_RS14655,sll0180
SGL_RS14660,slr0204
SGL_RS19480,SGL_RS19480
SGL_RS14665,sll0179
SGL_RS14670,slr0207
SGL_RS14675,slr0208
SGL_RS14680,ssr0330
SGL_RS14685,slr0209
SGL_RS14690,slr0210
SGL_RS14695,ssr0332
SGL_RS14700,slr0211
SGL_RS14705,ssl0331
SGL_RS14710,slr0212
SGL_RS14715,SGL_RS14715
SGL_RS14720,ssr0336
SGL_RS14730,SGL_RS14730
SGL_RS14735,sll0178
SGL_RS14740,sll0888
SGL_RS14745,ssr1513
SGL_RS14750,sll0887
SGL_RS14755,sll0886
SGL_RS14760,slr0895
SGL_RS14765,slr0896
SGL_RS14770,slr0897
SGL_RS14775,slr0898
SGL_RS14780,slr0899
SGL_RS14785,slr0900
SGL_RS14790,slr0901
SGL_RS14795,slr0902
SGL_RS14800,ssr1527
SGL_RS14805,slr0903
SGL_RS14810,ssr1528
SGL_RS14815,slr0904
SGL_RS14820,slr0905
SGL_RS14825,slr0906
SGL_RS14830,slr0907
SGL_RS14835,slr0909
SGL_RS14840,slr0912
SGL_RS14845,slr0913
SGL_RS14850,slr0914
SGL_RS14855,slr0915
SGL_RS14860,slr0917
SGL_RS14865,slr0918
SGL_RS14870,slr0919
SGL_RS14875,slr0920
SGL_RS14880,sll0892
SGL_RS14885,sll0891
SGL_RS14890,ssl1690
SGL_RS14895,SGL_RS14895
SGL_RS14900,slr0922
SGL_RS14905,slr0923
SGL_RS14910,slr0924
SGL_RS14915,slr0559
SGL_RS14920,sll0556
SGL_RS14925,ST6803t35
SGL_RS14930,sll0555
SGL_RS14935,sll0554
SGL_RS14940,sll0553
SGL_RS19990,SGL_RS19990
SGL_RS14950,slr0565
SGL_RS14955,sll0550
SGL_RS14960,sll0549
SGL_RS14965,slr0569
SGL_RS14970,sll0547
SGL_RS14975,sll0546
SGL_RS14980,sll0545
SGL_RS14985,sll0544
SGL_RS14990,slr1002
SGL_RS14995,slr0572
SGL_RS15000,sll0543
SGL_RS15005,ssl1046
SGL_RS15010,slr0573
SGL_RS19995,SGL_RS19995
SGL_RS20000,SGL_RS20000
SGL_RS20005,SGL_RS20005
SGL_RS15020,slr0574
SGL_RS15025,slr0575
SGL_RS15030,sll0542
SGL_RS15035,slr0579
SGL_RS15040,sll0541
SGL_RS15045,slr0580
SGL_RS15050,slr0581
SGL_RS15055,slr0582
SGL_RS15060,sll0540
SGL_RS15065,sll0539
SGL_RS15070,slr0583
SGL_RS15075,slr0825
SGL_RS19055,SGL_RS19055
SGL_RS15080,ssr1399
SGL_RS15085,slr0827
SGL_RS15095,slr0829
SGL_RS15100,sll0834
SGL_RS15105,sll0833
SGL_RS15110,sll0832
SGL_RS15115,ssr1407
SGL_RS15120,slr0833
SGL_RS15125,slr0835
SGL_RS15130,slr0836
SGL_RS15135,ssl1552
SGL_RS15140,sll0830
SGL_RS15145,slr0838
SGL_RS15150,sll0829
SGL_RS15155,slr0839
SGL_RS15160,sll0828
SGL_RS15165,sll0827
SGL_RS15170,slr0841
SGL_RS15175,slr0842
SGL_RS15180,sll0825
SGL_RS15185,ssr1425
SGL_RS15190,slr0844
SGL_RS15195,ssl1533
SGL_RS15200,slr0845
SGL_RS15205,sll0823
SGL_RS15210,sll0822
SGL_RS15215,slr0846
SGL_RS15220,sll0821
SGL_RS15225,slr0847
SGL_RS15230,slr0848
SGL_RS15235,slr0072
SGL_RS15240,slr0073
SGL_RS15245,sll0088
SGL_RS15250,slr0074
SGL_RS15255,slr0075
SGL_RS15260,slr0076
SGL_RS15265,slr0077
SGL_RS15270,sll0086
SGL_RS15275,sll0085
SGL_RS15280,sll0084
SGL_RS15285,sll0083
SGL_RS15290,slr0078
SGL_RS15295,slr0079
SGL_RS15300,sll0082
SGL_RS15305,slr0080
SGL_RS15310,slr0081
SGL_RS15315,slr0082
SGL_RS15320,slr0083
SGL_RS15325,sll0080
SGL_RS15330,slr0084
SGL_RS15335,sll0078
SGL_RS15340,slr0086
SGL_RS15345,slr0088
SGL_RS15350,slr0089
SGL_RS15355,slr0090
SGL_RS15360,slr0091
SGL_RS15365,slr0092
SGL_RS15370,slr0093
SGL_RS15375,slr0095
SGL_RS15380,slr0096
SGL_RS15385,slr0498
SGL_RS20170,SGL_RS20170
SGL_RS15390,sll0489
SGL_RS15395,slr0500
SGL_RS15400,sll0488
SGL_RS15405,sll0487
SGL_RS15410,sll0486
SGL_RS15415,sll0485
SGL_RS15420,sll0484
SGL_RS15425,slr0502
SGL_RS15430,slr0503
SGL_RS15435,slr0505
SGL_RS15440,slr0506
SGL_RS15445,sll0482
SGL_RS15450,sll0481
SGL_RS15455,sll0480
SGL_RS15460,slr0509
SGL_RS15465,slr0510
SGL_RS19275,true
SGL_RS15470,slr0511
SGL_RS15475,SGL_RS15475
SGL_RS15480,sll0479
SGL_RS15485,sll0478
SGL_RS15490,sll0477
SGL_RS15495,slr0513
SGL_RS15500,slr0514
SGL_RS15505,slr0516
SGL_RS15510,sll0474
SGL_RS15515,sll0473
SGL_RS15520,slr0517
SGL_RS19060,SGL_RS19060
SGL_RS15525,slr0519
SGL_RS15530,slr0520
SGL_RS15535,slr0521
SGL_RS15540,slr0522
SGL_RS15545,sll0471
SGL_RS15550,sll0470
SGL_RS15555,sll0469
SGL_RS15560,slr0523
SGL_RS15565,sll0467
SGL_RS15570,sll0597
SGL_RS15575,sll0596
SGL_RS15580,sll0595
SGL_RS15585,sll0594
SGL_RS15590,sll0593
SGL_RS15595,slr0615
SGL_RS15600,slr0616
SGL_RS15605,ssr1038
SGL_RS15610,slr0617
SGL_RS15615,sll0590
SGL_RS19485,SGL_RS19485
SGL_RS15620,slr0618
SGL_RS15625,slr0619
SGL_RS15630,ssr1041
SGL_RS15635,sll0588
SGL_RS15640,sll0587
SGL_RS15645,sll0586
SGL_RS15650,slr0623
SGL_RS15655,sll0585
SGL_RS15660,sll0584
SGL_RS15665,slr0624
SGL_RS15670,slr0625
SGL_RS15675,sll0109
SGL_RS15680,slr0626
SGL_RS15685,slr0099
SGL_RS15695,sll0108
SGL_RS15700,sll0107
SGL_RS15705,slr0103
SGL_RS15710,slr0104
SGL_RS15715,sll0103
SGL_RS15720,sll0102
SGL_RS15725,slr0105
SGL_RS15730,slr0106
SGL_RS15735,sll0101
SGL_RS15740,sll0100
SGL_RS15745,sll0099
SGL_RS15750,sll0098
SGL_RS15755,ST6803t36
SGL_RS15760,slr0108
SGL_RS15765,slr0109
SGL_RS15770,sll0096
SGL_RS15775,sll0095
SGL_RS15780,sll0094
SGL_RS15785,slr0110
SGL_RS15790,slr0111
SGL_RS15795,slr0112
SGL_RS15800,slr0114
SGL_RS15805,slr0115
SGL_RS15810,slr0116
SGL_RS20010,SGL_RS20010
SGL_RS20015,SGL_RS20015
SGL_RS15825,slr0118
SGL_RS15830,slr0119
SGL_RS15835,slr0120
SGL_RS15840,slr0121
SGL_RS15845,sll0290
SGL_RS15850,SGL_RS15850
SGL_RS15855,SGL_RS15855
SGL_RS15860,ssl0546
SGL_RS15865,sll0289
SGL_RS15870,sll0288
SGL_RS15875,slr0298
SGL_RS15880,slr0299
SGL_RS15885,slr0300
SGL_RS15890,slr0301
SGL_RS15895,slr0302
SGL_RS15900,slr0303
SGL_RS15905,slr0304
SGL_RS15910,slr0305
SGL_RS15915,slr0306
SGL_RS15920,sll0286
SGL_RS15925,sll0284
SGL_RS15930,sll0283
SGL_RS15935,slr0309
SGL_RS15945,sll0282
SGL_RS15950,sll0281
SGL_RS15955,sll0280
SGL_RS19350,SGL_RS19350
SGL_RS15960,slr0311
SGL_RS15965,slr0312
SGL_RS15970,slr0313
SGL_RS15975,slr0314
SGL_RS15980,slr0315
SGL_RS15985,slr0316
SGL_RS15995,slr0317
SGL_RS19490,SGL_RS19490
SGL_RS16000,slr0318
SGL_RS16005,slr0319
SGL_RS16015,slr0786
SGL_RS19080,true
SGL_RS16020,SGL_RS16020
SGL_RS16025,SGL_RS16025
SGL_RS16030,slr0787
SGL_RS16035,slr0788
SGL_RS16040,slr0789
SGL_RS16045,slr0790
SGL_RS16050,sll0798
SGL_RS16055,sll0797
SGL_RS16060,slr0793
SGL_RS16065,slr0794
SGL_RS16070,slr0795
SGL_RS16075,slr0796
SGL_RS16080,sll0794
SGL_RS16085,slr0797
SGL_RS16090,sll0793
SGL_RS16095,sll0792
SGL_RS16100,slr0798
SGL_RS16105,sll0790
SGL_RS16110,sll0789
SGL_RS16115,sll0788
SGL_RS19085,SGL_RS19085
SGL_RS16130,ssl1464
SGL_RS16135,sll0787
SGL_RS16140,sll0786
SGL_RS16145,sll0785
SGL_RS16150,sll0784
SGL_RS16155,sll0783
SGL_RS16160,slr0801
SGL_RS16165,sll0782
SGL_RS16170,sll0781
SGL_RS19095,SGL_RS19095
SGL_RS16175,sll0779
SGL_RS16180,sll0778
SGL_RS16185,sll0777
SGL_RS16190,sll0776
SGL_RS16195,sll0775
SGL_RS18430,SGL_RS18430
SGL_RS16205,slr0697
SGL_RS16210,slr0698
SGL_RS16215,slr0699
SGL_RS16220,slr0700
SGL_RS16225,slr0701
SGL_RS16230,slr0702
SGL_RS16235,sll0678
SGL_RS16240,sll0677
SGL_RS19355,SGL_RS19355
SGL_RS16245,sll0676
SGL_RS16250,true
SGL_RS16255,slr0703
SGL_RS20045,true
SGL_RS19110,SGL_RS19110
SGL_RS16265,true
SGL_RS16270,sll0672
SGL_RS16275,sll0671
SGL_RS16280,sll0670
SGL_RS16290,slr0707
SGL_RS16295,slr0708
SGL_RS16305,true
SGL_RS19115,true
SGL_RS16320,sll0664
SGL_RS16325,slr0709
SGL_RS16330,slr0710
SGL_RS16335,slr0711
SGL_RS16340,slr0712
SGL_RS16345,sll0662
SGL_RS16350,sll0661
SGL_RS16355,ssl1263
SGL_RS16360,sll0660
SGL_RS16365,smr0003
SGL_RS16370,slr0713
SGL_RS16375,sll0659
SGL_RS16380,sll0658
SGL_RS16385,ssl1255
SGL_RS16390,sll0657
SGL_RS16395,slr0765
SGL_RS16400,sll0745
SGL_RS16405,sll0744
SGL_RS16410,sll0743
SGL_RS16415,sll0742
SGL_RS16420,sll0741
SGL_RS16425,sll0740
SGL_RS16430,sll0739
SGL_RS16435,sll0738
SGL_RS16440,sll0737
SGL_RS16445,sll0048
SGL_RS19120,SGL_RS19120
SGL_RS16455,slr0022
SGL_RS16460,sll0045
SGL_RS16465,slr0023
SGL_RS16470,sll0044
SGL_RS16475,sll0043
SGL_RS16480,sll0042
SGL_RS16485,sll0041
SGL_RS16490,sll0040
SGL_RS16495,sll0039
SGL_RS16500,sll0038
SGL_RS16505,slr0031
SGL_RS16510,slr0032
SGL_RS16515,slr0033
SGL_RS16520,sll0037
SGL_RS16525,sll0036
SGL_RS16530,slr0036
SGL_RS16535,sll0034
SGL_RS16540,sll0033
SGL_RS16545,sll0031
SGL_RS16550,slr0038
SGL_RS16555,slr0039
SGL_RS16560,sll0030
SGL_RS16565,slr0040
SGL_RS16570,slr0041
SGL_RS16575,slr0042
SGL_RS16580,slr0043
SGL_RS16585,slr0044
SGL_RS16590,sll0027
SGL_RS16595,sll0026
SGL_RS20175,SGL_RS20175
SGL_RS16600,sll0518
SGL_RS16605,sll0517
SGL_RS16610,slr0525
SGL_RS16615,slr0526
SGL_RS16620,slr0527
SGL_RS16625,slr0528
SGL_RS16630,sll0514
SGL_RS20180,SGL_RS20180
SGL_RS16640,slr0529
SGL_RS16645,slr0530
SGL_RS16650,slr0531
SGL_RS16655,sll0513
SGL_RS16660,slr0533
SGL_RS16665,slr0534
SGL_RS16670,slr0535
SGL_RS16675,slr0536
SGL_RS16680,sll0509
SGL_RS16685,sll0508
SGL_RS16690,slr0537
SGL_RS16695,sll0507
SGL_RS16700,sll0506
SGL_RS16705,sll0505
SGL_RS16710,sll0504
SGL_RS16715,sll0503
SGL_RS16720,sll0502
SGL_RS16725,sll0501
SGL_RS20185,SGL_RS20185
SGL_RS16730,slr0541
SGL_RS16735,slr0542
SGL_RS16740,slr0543
SGL_RS16745,sll0499
SGL_RS16750,slr0544
SGL_RS16755,sll0498
SGL_RS16760,sll0497
SGL_RS16765,slr0545
SGL_RS16770,sll0496
SGL_RS16775,sll0495
SGL_RS20190,SGL_RS20190
SGL_RS16780,ST6803t37
SGL_RS16785,ST6803t38
SGL_RS16790,sll0494
SGL_RS16795,sll0493
SGL_RS16800,sll0902
SGL_RS16805,sll0901
SGL_RS16810,slr0925
SGL_RS16815,SGL_RS16815
SGL_RS16820,slr0926
SGL_RS16825,slr0927
SGL_RS16830,slr0929
SGL_RS16835,slr0930
SGL_RS16840,ssr1558
SGL_RS16845,sll0900
SGL_RS16850,sll0899
SGL_RS16855,ssr1562
SGL_RS16860,sll0898
SGL_RS16865,ssl1707
SGL_RS16870,sll0897
SGL_RS16875,sll0896
SGL_RS16880,sll0895
SGL_RS20195,SGL_RS20195
SGL_RS16890,slr0546
SGL_RS16895,sll0537
SGL_RS16900,sll0536
SGL_RS16905,sll0535
SGL_RS16910,sll0534
SGL_RS19495,SGL_RS19495
SGL_RS16915,sll0533
SGL_RS16920,slr0549
SGL_RS16925,slr0550
SGL_RS16930,slr0551
SGL_RS16935,slr0552
SGL_RS16940,slr0553
SGL_RS16945,slr0554
SGL_RS16950,sll0529
SGL_RS16955,sll0528
SGL_RS16960,slr0556
SGL_RS16965,sll0525
SGL_RS16970,ssl1004
SGL_RS16975,sll0524
SGL_RS16980,slr0557
SGL_RS16985,sll0522
SGL_RS16990,sll0521
SGL_RS16995,sll0520
SGL_RS17000,sll0519
SGL_RS17005,slr1418
SGL_RS17010,slr1419
SGL_RS17015,slr1420
SGL_RS17020,SGL_RS17020
SGL_RS17025,slr1421
SGL_RS17030,SGL_RS17030
SGL_RS17035,sll1344
SGL_RS17040,sll1343
SGL_RS17045,sll1342
SGL_RS17050,slr1423
SGL_RS17055,slr1424
SGL_RS17060,slr1425
SGL_RS17065,sll1341
SGL_RS17070,sll1340
SGL_RS17075,slr1426
SGL_RS17080,sll1338
SGL_RS17085,sll1336
SGL_RS17090,slr1428
SGL_RS17095,sll1334
SGL_RS17100,slr1429
SGL_RS17105,ST6803t39
SGL_RS17110,sll1333
SGL_RS17115,slr1431
SGL_RS17120,sll1330
SGL_RS17125,sll1329
SGL_RS17130,slr1451
SGL_RS17135,sll1367
SGL_RS17140,slr1452
SGL_RS17145,ssr2439
SGL_RS17150,slr1453
SGL_RS17155,slr1454
SGL_RS17160,slr1455
SGL_RS17165,slr1456
SGL_RS17170,slr1457
SGL_RS17175,slr1459
SGL_RS17180,sll1366
SGL_RS17185,slr1461
SGL_RS17190,sll1365
SGL_RS17195,slr1462
SGL_RS17200,slr1463
SGL_RS17205,slr1464
SGL_RS18440,SGL_RS18440
SGL_RS17210,ssl2667
SGL_RS17215,sll1363
SGL_RS17220,slr0651
SGL_RS17225,slr0652
SGL_RS17230,sll0631
SGL_RS17235,sll0630
SGL_RS17240,sll0629
SGL_RS17245,slr0653
SGL_RS17250,ST6803r04
SGL_RS17255,ST6803t40
SGL_RS17260,ST6803r05
SGL_RS17265,ST6803r06
SGL_RS17270,slr0654
SGL_RS17275,slr0655
SGL_RS17280,slr0656
SGL_RS17285,ST6803t41
SGL_RS17290,slr0657
SGL_RS17295,slr0658
SGL_RS17300,slr0659
SGL_RS17305,slr0661
SGL_RS17310,sll0626
SGL_RS17315,sll0625
SGL_RS17320,SGL_RS17320
SGL_RS17325,sll0624
SGL_RS17330,slr0662
SGL_RS17335,sll0623
SGL_RS17340,sll0622
SGL_RS17345,sll0621
SGL_RS17350,ssr1114
SGL_RS17355,slr0664
SGL_RS17360,slr0665
SGL_RS17365,slr0666
SGL_RS17370,slr0667
SGL_RS17375,slr0668
SGL_RS19285,SGL_RS19285
SGL_RS17380,sll1499
SGL_RS17385,slr1556
SGL_RS17390,sll1498
SGL_RS17395,slr1557
SGL_RS17400,sll1496
SGL_RS17405,sll1495
SGL_RS17410,ST6803t42
SGL_RS17415,slr1559
SGL_RS17420,slr1560
SGL_RS17425,slr1562
SGL_RS17430,slr1563
SGL_RS17440,slr1564
SGL_RS17445,slr1565
SGL_RS17450,slr1566
SGL_RS17455,sll1491
SGL_RS17460,slr1567
SGL_RS17465,slr1568
SGL_RS17470,sll1489
SGL_RS17475,sll1488
SGL_RS17480,slr1570
SGL_RS17485,slr1571
SGL_RS17490,slr1572
SGL_RS17495,slr1573
SGL_RS17500,ssl2874
SGL_RS17505,slr1575
SGL_RS17510,slr1576
SGL_RS17515,slr1577
SGL_RS17520,slr1579
SGL_RS17530,sll1486
SGL_RS17535,sll1485
SGL_RS17540,sll1484
SGL_RS17545,sll1483
SGL_RS17550,sll1482
SGL_RS17555,sll1481
SGL_RS17560,sll1479
SGL_RS17565,sll1477
SGL_RS17575,slr1583
SGL_RS17580,sll1475
SGL_RS17585,sll1474
SGL_RS17590,sll1473
SGL_RS17595,sll1472
SGL_RS17600,sll1471
SGL_RS17605,slr1584
SGL_RS20025,true
SGL_RS19130,true
SGL_RS17620,sll1470
SGL_RS17625,slr1588
SGL_RS17630,slr0746
SGL_RS17635,slr0747
SGL_RS17640,sll0736
SGL_RS17645,sll0735
SGL_RS17650,slr0748
SGL_RS17655,slr0749
SGL_RS19135,SGL_RS19135
SGL_RS17660,slr0750
SGL_RS17665,sll0733
SGL_RS17670,slr0751
SGL_RS17675,slr0752
SGL_RS17680,sll0732
SGL_RS17685,slr0753
SGL_RS17690,ssl1378
SGL_RS17695,sll0729
SGL_RS17700,sll0728
SGL_RS17705,SGL_RS17705
SGL_RS17710,SGL_RS17710
SGL_RS17715,ssr1256
SGL_RS17720,slr0755
SGL_RS17725,ssr1258
SGL_RS17730,SGL_RS17730
SGL_RS17735,sll0727
SGL_RS17740,sll0726
SGL_RS17750,slr0756
SGL_RS17755,slr0757
SGL_RS17760,slr0758
SGL_RS17765,sll0723
SGL_RS17775,sll0722
SGL_RS17780,sll0721
SGL_RS17785,sll0720
SGL_RS17790,sll1552
SGL_RS19500,SGL_RS19500
SGL_RS17795,slr1651
SGL_RS17800,slr1652
SGL_RS17805,slr1653
SGL_RS17810,sll1550
SGL_RS17815,sll1549
SGL_RS17820,slr1655
SGL_RS17825,smr0004
SGL_RS17830,slr1656
SGL_RS17835,slr1657
SGL_RS17840,slr1658
SGL_RS17845,slr1659
SGL_RS17850,slr1660
SGL_RS20200,SGL_RS20200
SGL_RS17855,SGL_RS17855
SGL_RS17860,sll1547
SGL_RS17865,sll1546
SGL_RS17875,slr1661
SGL_RS17880,sll1545
SGL_RS17885,slr1664
SGL_RS17890,slr1665
SGL_RS17895,slr1666
SGL_RS17900,ssr2781
SGL_RS17905,sll1544
SGL_RS19140,SGL_RS19140
SGL_RS19525,SGL_RS19525
SGL_RS17920,sll1543
SGL_RS17925,slr1667
SGL_RS17930,slr1668
SGL_RS17935,ssr2786
SGL_RS17940,SGL_RS17940
SGL_RS17945,sll1542
SGL_RS17950,sll0451
SGL_RS17955,sll0450
SGL_RS17960,slr0449
SGL_RS17965,sll0449
SGL_RS17970,sll0448
SGL_RS17975,sll0447
SGL_RS17980,sll0446
SGL_RS17985,sll0445
SGL_RS17990,sll0444
SGL_RS17995,sll0443
SGL_RS18000,slr0451
SGL_RS18005,sll0442
SGL_RS18010,sll0441
SGL_RS18015,slr0452
SGL_RS18020,slr0453
SGL_RS18025,ssl0832
SGL_RS18030,sll0436
SGL_RS18035,slr0454
SGL_RS18040,slr0455
SGL_RS18045,slr0456
SGL_RS18050,slr0457
SGL_RS18055,slr0458
SGL_RS18060,slr0459
SGL_RS18065,true
SGL_RS19145,SGL_RS19145
SGL_RS19150,true
SGL_RS18085,sll0430
SGL_RS18090,slr1176
SGL_RS18095,slr1177
SGL_RS18100,slr1178
SGL_RS18105,slr1179
SGL_RS18110,sll1110
SGL_RS18115,sll1109
SGL_RS18120,sll1108
SGL_RS19505,SGL_RS19505
SGL_RS18130,slr1181
SGL_RS18135,slr1182
SGL_RS18140,slr1183
SGL_RS18145,slr1184
SGL_RS18150,SGL_RS18150
SGL_RS18155,slr1185
SGL_RS18160,slr1186
SGL_RS18165,slr1187
SGL_RS18170,slr1188
SGL_RS18175,slr1189
SGL_RS18180,sll1107
SGL_RS18185,sll1106
SGL_RS18190,slr1192
SGL_RS18195,slr0585
SGL_RS18200,slr0586
SGL_RS18205,slr0587
SGL_RS18210,sll0578
SGL_RS18215,sll0577
SGL_RS18220,slr0588
SGL_RS18225,slr0589
SGL_RS18230,slr0590
SGL_RS18235,sll0576
SGL_RS18240,sll0575
SGL_RS18245,sll0574
SGL_RS18250,slr0591
SGL_RS18255,sll0573
SGL_RS18260,sll0572
SGL_RS18270,slr0592
SGL_RS18275,slr0593
SGL_RS18280,sll0569
SGL_RS18285,slr0594
SGL_RS18290,sll0567
SGL_RS18295,slr0596
SGL_RS18300,slr0597
SGL_RS18305,sll0565
SGL_RS18310,sll0564
SGL_RS18315,slr0598
SGL_RS18320,slr0599
SGL_RS18325,slr0600
SGL_RS18330,slr0601
SGL_RS18335,slr0602
SGL_RS18340,sll0563
SGL_RS18345,slr0603
SGL_RS20050,SGL_RS20050
SGL_RS18350,slr0604
SGL_RS18355,slr0605
SGL_RS18365,slr0606
SGL_RS18370,slr0607
SGL_RS18375,slr0608
SGL_RS18380,slr0609
SGL_RS18385,slr0610
SGL_RS01875,1
SGL_RS01875,2
SGL_RS00635,sll7002
SGL_RS00640,sll7003
SGL_RS00645,ssl7004
SGL_RS00650,slr7005
SGL_RS00655,sll7006
SGL_RS00660,SGL_RS00660
SGL_RS00665,slr7008
SGL_RS00670,sll7009
SGL_RS00675,slr7010
SGL_RS00680,slr7011
SGL_RS00685,slr7012
SGL_RS00690,slr7013
SGL_RS00695,slr7014
SGL_RS00700,slr7015
SGL_RS00705,slr7016
SGL_RS00710,ssr7017
SGL_RS00715,slr7023
SGL_RS00720,slr7024
SGL_RS00725,slr7025
SGL_RS00730,slr7026
SGL_RS00735,sll7027
SGL_RS00740,true
SGL_RS00745,sll7028
SGL_RS00750,sll7029
SGL_RS00755,sll7030
SGL_RS00760,sll7031
SGL_RS18535,true
SGL_RS00770,slr7032
SGL_RS00775,sll7033
SGL_RS00780,sll7034
SGL_RS19375,SGL_RS19375
SGL_RS19380,SGL_RS19380
SGL_RS00785,ssr7035
SGL_RS00790,ssr7036
SGL_RS00795,slr7037
SGL_RS00800,ssl7038
SGL_RS00805,ssl7039
SGL_RS00810,ssr7040
SGL_RS00815,slr7041
SGL_RS00820,ssl7042
SGL_RS00825,sll7043
SGL_RS00830,sll7044
SGL_RS00845,ssl7046
SGL_RS00850,sll7047
SGL_RS00855,ssl7048
SGL_RS00860,slr7049
SGL_RS00865,sll7050
SGL_RS19385,SGL_RS19385
SGL_RS00880,ssl7053
SGL_RS00885,slr7054
SGL_RS00890,sll7055
SGL_RS00900,slr7057
SGL_RS18545,SGL_RS18545
SGL_RS00905,slr7059
SGL_RS00910,slr7060
SGL_RS00915,slr7061
SGL_RS00920,sll7062
SGL_RS00925,sll7063
SGL_RS00930,sll7064
SGL_RS00935,sll7065
SGL_RS00940,sll7066
SGL_RS00945,sll7067
SGL_RS00950,slr7068
SGL_RS00955,sll7069
SGL_RS00960,sll7070
SGL_RS00965,slr7071
SGL_RS00970,ssr7072
SGL_RS00975,slr7073
SGL_RS00980,ssl7074
SGL_RS00985,sll7075
SGL_RS00990,sll7077
SGL_RS00995,sll7078
SGL_RS01000,slr7080
SGL_RS01005,slr7081
SGL_RS01010,slr7082
SGL_RS01015,slr7083
SGL_RS01020,ssr7084
SGL_RS01025,sll7085
SGL_RS01030,sll7086
SGL_RS01035,sll7087
SGL_RS01040,slr7088
SGL_RS01045,sll7089
SGL_RS01050,sll7090
SGL_RS01055,slr7091
SGL_RS01060,slr7092
SGL_RS01065,ssr7093
SGL_RS19390,SGL_RS19390
SGL_RS01070,slr7094
SGL_RS01075,slr7095
SGL_RS01080,slr7096
SGL_RS01085,slr7097
SGL_RS01090,slr7098
SGL_RS01095,slr7099
SGL_RS01100,slr7100
SGL_RS01105,slr7101
SGL_RS01110,slr7102
SGL_RS01115,true
SGL_RS01120,true
SGL_RS00625,1
SGL_RS00625,2
SGL_RS01130,sll8001
SGL_RS01135,sll8002
SGL_RS01140,ssl8003
SGL_RS01145,sll8004
SGL_RS01150,ssl8005
SGL_RS01155,sll8006
SGL_RS01160,sll8007
SGL_RS01165,ssl8008
SGL_RS01170,true
SGL_RS01180,sll8011
SGL_RS01185,sll8012
SGL_RS01190,ssr8013
SGL_RS01195,slr8014
SGL_RS01200,slr8015
SGL_RS01205,slr8016
SGL_RS01215,sll8017
SGL_RS01220,sll8018
SGL_RS01225,sll8019
SGL_RS01230,sll8020
SGL_RS01235,slr8021
SGL_RS01240,slr8022
SGL_RS01245,slr8023
SGL_RS01250,sll8025
SGL_RS01255,slr8026
SGL_RS01260,sll8027
SGL_RS01265,ssl8028
SGL_RS01270,slr8029
SGL_RS01275,slr8030
SGL_RS01280,ndhK2
SGL_RS01285,sll8032
SGL_RS01290,sll8033
SGL_RS01295,sll8034
SGL_RS01300,sll8035
SGL_RS19695,SGL_RS19695
SGL_RS19700,true
SGL_RS19705,SGL_RS19705
SGL_RS01315,slr8038
SGL_RS19310,SGL_RS19310
SGL_RS01320,sll8040
SGL_RS19395,SGL_RS19395
SGL_RS18570,true
SGL_RS01335,slr8044
SGL_RS18575,true
SGL_RS01355,sll8048
SGL_RS01360,SGL_RS01360
SGL_RS01125,1
SGL_RS01125,2
SGL_RS00010,sll5002
SGL_RS00015,sll5003
SGL_RS20055,SGL_RS20055
SGL_RS00020,slr5005
SGL_RS00025,SGL_RS00025
SGL_RS00030,sll5006
SGL_RS00035,ssl5007
SGL_RS00040,ssr5009
SGL_RS00045,slr5010
SGL_RS00050,ssr5011
SGL_RS00055,slr5012
SGL_RS00060,slr5013
SGL_RS00065,sll5014
SGL_RS00070,ssl5015
SGL_RS00075,slr5016
SGL_RS00080,slr5017
SGL_RS00085,slr5018
SGL_RS00090,true
SGL_RS00095,ssr5020
SGL_RS00100,slr5021
SGL_RS00105,slr5022
SGL_RS00110,slr5023
SGL_RS00115,slr5024
SGL_RS00120,ssl5025
SGL_RS00125,sll5026
SGL_RS18470,SGL_RS18470
SGL_RS19675,SGL_RS19675
SGL_RS00135,slr5029
SGL_RS00140,sll5030
SGL_RS00145,true
SGL_RS00150,sll5033
SGL_RS00155,sll5034
SGL_RS18475,SGL_RS18475
SGL_RS00160,sll5036
SGL_RS00165,slr5037
SGL_RS00170,slr5038
SGL_RS00175,ssl5039
SGL_RS00180,slr5040
SGL_RS00185,true
SGL_RS00190,sll5042
SGL_RS00195,sll5043
SGL_RS00200,sll5044
SGL_RS00205,sll5046
SGL_RS00210,sll5047
SGL_RS00215,sll5048
SGL_RS00220,sll5049
SGL_RS00225,sll5050
SGL_RS00230,slr5051
SGL_RS00235,sll5052
SGL_RS00240,slr5053
SGL_RS00245,slr5054
SGL_RS00250,slr5055
SGL_RS00255,slr5056
SGL_RS19680,true
SGL_RS00260,sll5057
SGL_RS00265,slr5058
SGL_RS00270,sll5059
SGL_RS00275,sll5060
SGL_RS00280,sll5061
SGL_RS00285,sll5062
SGL_RS00290,sll5063
SGL_RS18485,SGL_RS18485
SGL_RS00295,ssl5065
SGL_RS00300,sll5066
SGL_RS00305,sll5067
SGL_RS19300,SGL_RS19300
SGL_RS18490,true
SGL_RS00315,sll5069
SGL_RS00320,slr5071
SGL_RS19365,SGL_RS19365
SGL_RS00330,slr5073
SGL_RS00335,ssr5074
SGL_RS00340,sll5075
SGL_RS00345,sll5076
SGL_RS00350,slr5077
SGL_RS00355,slr5078
SGL_RS00360,sll5079
SGL_RS00365,sll5080
SGL_RS00370,sll5081
SGL_RS00375,slr5082
SGL_RS19370,SGL_RS19370
SGL_RS00385,sll5083
SGL_RS00390,sll5084
SGL_RS00395,slr5085
SGL_RS00400,sll5086
SGL_RS00405,slr5087
SGL_RS00410,slr5088
SGL_RS00415,sll5089
SGL_RS00420,sll5090
SGL_RS00425,ssl5091
SGL_RS00430,ssr5092
SGL_RS00435,slr5093
SGL_RS00440,sll5094
SGL_RS00445,ssl5095
SGL_RS00450,ssl5096
SGL_RS00455,sll5097
SGL_RS18510,SGL_RS18510
SGL_RS00465,ssl5100
SGL_RS00470,slr5101
SGL_RS00475,slr5102
SGL_RS00480,SGL_RS00480
SGL_RS00485,sll5104
SGL_RS00490,slr5105
SGL_RS00495,ssr5106
SGL_RS00500,sll5107
SGL_RS19305,SGL_RS19305
SGL_RS19685,true
SGL_RS00510,sll5109
SGL_RS00515,slr5110
SGL_RS00520,SGL_RS00520
SGL_RS00525,slr5111
SGL_RS00530,slr5112
SGL_RS00535,ssl5113
SGL_RS00540,ssl5114
SGL_RS00545,slr5115
SGL_RS00550,slr5116
SGL_RS00555,ssr5117
SGL_RS00560,slr5118
SGL_RS00565,slr5119
SGL_RS00570,ssr5121
SGL_RS00575,sll5122
SGL_RS00580,sll5123
SGL_RS00585,slr5124
SGL_RS00590,ssl5125
SGL_RS00595,slr5126
SGL_RS00600,slr5127
SGL_RS00605,sll5128
SGL_RS00610,ssl5129
SGL_RS00615,sll5130
SGL_RS00620,sll5131
SGL_RS00005,1
SGL_RS00005,2
SGL_RS01370,slr6001
SGL_RS20090,SGL_RS20090
SGL_RS01375,ssr6002
SGL_RS19720,SGL_RS19720
SGL_RS19725,SGL_RS19725
SGL_RS01390,slr6005
SGL_RS01395,slr6006
SGL_RS01400,slr6007
SGL_RS01405,slr6008
SGL_RS01410,slr6009
SGL_RS01415,sll6010
SGL_RS01420,slr6011
SGL_RS01425,slr6012
SGL_RS01430,slr6013
SGL_RS01435,slr6014
SGL_RS01440,slr6015
SGL_RS01445,slr6016
SGL_RS01450,sll6017
SGL_RS01455,ssl6018
SGL_RS01465,slr6021
SGL_RS01470,slr6022
SGL_RS01475,ssl6023
SGL_RS01480,ssr6024
SGL_RS20095,SGL_RS20095
SGL_RS01485,slr6025
SGL_RS01490,ssr6026
SGL_RS01495,ssr6027
SGL_RS19315,SGL_RS19315
SGL_RS01500,slr6028
SGL_RS01505,slr6029
SGL_RS01515,slr6031
SGL_RS19730,true
SGL_RS19320,SGL_RS19320
SGL_RS01525,slr6034
SGL_RS01530,ssl6035
SGL_RS01535,sll6036
SGL_RS01540,slr6037
SGL_RS18595,SGL_RS18595
SGL_RS01545,slr6039
SGL_RS01550,slr6040
SGL_RS01555,slr6041
SGL_RS01560,slr6042
SGL_RS01565,slr6043
SGL_RS01570,slr6044
SGL_RS01575,slr6045
SGL_RS01580,ssr6046
SGL_RS01585,slr6047
SGL_RS01590,ssr6048
SGL_RS01595,slr6049
SGL_RS01600,slr6050
SGL_RS01605,slr6051
SGL_RS19735,SGL_RS19735
SGL_RS01610,sll6053
SGL_RS01615,sll6054
SGL_RS01620,sll6055
SGL_RS01625,slr6056
SGL_RS01630,slr6057
SGL_RS01635,slr6058
SGL_RS01640,sll6059
SGL_RS01645,sll6060
SGL_RS01650,ssr6062
SGL_RS01655,slr6063
SGL_RS01660,slr6064
SGL_RS01665,slr6065
SGL_RS01670,slr6066
SGL_RS01675,slr6067
SGL_RS01680,slr6068
SGL_RS01685,sll6069
SGL_RS01690,slr6070
SGL_RS01695,slr6071
SGL_RS01700,slr6072
SGL_RS01705,slr6073
SGL_RS01710,slr6074
SGL_RS01715,slr6075
SGL_RS01720,sll6076
SGL_RS01725,ssl6077
SGL_RS01735,slr6080
SGL_RS01740,slr6081
SGL_RS01745,ssl6082
SGL_RS01750,ssr6083
SGL_RS20100,SGL_RS20100
SGL_RS01755,slr6084
SGL_RS01760,ssr6085
SGL_RS01765,ssr6086
SGL_RS19325,SGL_RS19325
SGL_RS01770,slr6087
SGL_RS01775,slr6088
SGL_RS01785,slr6090
SGL_RS19740,true
SGL_RS19330,SGL_RS19330
SGL_RS01795,ssl6092
SGL_RS01800,sll6093
SGL_RS18620,SGL_RS18620
SGL_RS19530,SGL_RS19530
SGL_RS19535,SGL_RS19535
SGL_RS01815,slr6097
SGL_RS01820,sll6098
SGL_RS01825,slr6100
SGL_RS01830,slr6101
SGL_RS01835,slr6102
SGL_RS01840,slr6103
SGL_RS01845,slr6104
SGL_RS01850,slr6105
SGL_RS01855,slr6106
SGL_RS01860,slr6107
SGL_RS01865,slr6108
SGL_RS01870,sll6109
SGL_RS01365,1
SGL_RS01365,2
